PERIOD,GAME_PK,PITCHER_ID,ROLE,OUTS,H,ER,HR,BB,HBP,SO,BF
2024,747060,663776,STARTER,5,6,3,0,2,0,2,14
2024,747060,660761,BULLPEN,11,2,3,1,1,0,2,14
2024,747060,542585,BULLPEN,2,2,3,1,2,0,0,6
2024,747060,670871,BULLPEN,3,0,0,0,1,0,1,4
2024,747060,643256,BULLPEN,3,0,0,0,0,0,0,3
2024,747063,656288,STARTER,15,7,5,1,1,0,2,23
2024,747063,472610,BULLPEN,0,3,3,0,0,0,0,4
2024,747063,670871,BULLPEN,3,2,3,1,1,0,0,6
2024,747063,542585,BULLPEN,3,0,0,0,0,0,3,3
2024,747063,643256,BULLPEN,3,2,1,0,0,0,1,5
2024,747062,672282,STARTER,15,2,1,0,3,1,7,21
2024,747062,667755,BULLPEN,9,1,0,0,2,0,2,12
2024,747062,608032,BULLPEN,3,0,0,0,0,0,0,3
2024,746085,681217,STARTER,9,5,3,0,2,0,5,18
2024,746085,542585,BULLPEN,3,2,0,0,0,0,0,4
2024,746085,660761,BULLPEN,4,1,0,0,2,0,2,7
2024,746085,643256,BULLPEN,5,0,0,0,0,0,1,4
2024,746085,519043,BULLPEN,3,0,0,0,0,0,1,3
2024,746085,608032,BULLPEN,3,1,0,0,0,0,0,3
2024,746086,542881,STARTER,21,4,0,0,2,0,5,26
2024,746086,519043,BULLPEN,3,0,0,0,0,0,0,3
2024,746086,472610,BULLPEN,3,1,1,1,1,0,1,5
2024,746083,663776,STARTER,17,4,2,0,2,1,7,23
2024,746083,542585,BULLPEN,1,0,0,0,0,0,1,1
2024,746083,670871,BULLPEN,9,0,0,0,0,0,1,9
2024,746249,656288,STARTER,14,5,4,3,3,1,4,23
2024,746249,660761,BULLPEN,3,1,1,0,1,1,1,6
2024,746249,472610,BULLPEN,1,0,0,0,0,0,0,1
2024,746249,667755,BULLPEN,9,3,3,2,1,1,1,13
2024,746248,672282,STARTER,18,3,1,0,1,0,12,21
2024,746248,643256,BULLPEN,3,0,0,0,0,1,1,4
2024,746248,519043,BULLPEN,3,0,0,0,0,0,0,3
2024,746248,608032,BULLPEN,3,0,0,0,0,0,1,3
2024,746251,681217,STARTER,15,3,3,3,2,0,7,20
2024,746251,542585,BULLPEN,1,2,3,0,0,1,1,4
2024,746251,660761,BULLPEN,10,5,5,1,2,0,3,17
2024,746251,670871,BULLPEN,0,2,1,0,2,0,0,4
2024,746251,593934,BULLPEN,1,0,0,0,0,0,0,1
2024,746252,542881,STARTER,21,4,0,0,1,0,3,25
2024,746252,643256,BULLPEN,3,1,0,0,0,0,0,3
2024,746252,519326,BULLPEN,3,3,1,0,0,0,0,5
2024,746250,663776,STARTER,15,5,3,0,3,0,6,24
2024,746250,472610,BULLPEN,3,1,0,0,0,0,1,4
2024,746250,542585,BULLPEN,3,3,1,1,0,0,2,6
2024,746250,519326,BULLPEN,3,2,1,0,0,0,0,5
2024,746250,608334,BULLPEN,3,0,0,0,1,0,0,3
2024,746247,667755,STARTER,12,6,4,1,0,0,6,18
2024,746247,643256,BULLPEN,3,1,0,0,0,0,1,3
2024,746247,472610,BULLPEN,3,0,0,0,0,0,1,3
2024,746247,519043,BULLPEN,6,0,0,0,0,0,3,6
2024,746247,608032,BULLPEN,3,0,0,0,0,0,1,3
2024,746978,672282,STARTER,19,3,0,0,2,0,7,22
2024,746978,472610,BULLPEN,2,0,0,0,0,0,1,2
2024,746978,542585,BULLPEN,3,0,0,0,0,0,1,3
2024,746978,519326,BULLPEN,3,0,0,0,0,0,1,3
2024,746979,656288,STARTER,12,9,6,1,0,0,6,20
2024,746979,608334,BULLPEN,12,2,0,0,3,0,5,16
2024,746975,542881,STARTER,13,4,3,2,3,0,4,20
2024,746975,643256,BULLPEN,2,0,0,0,1,0,0,2
2024,746975,660761,BULLPEN,6,2,2,1,3,0,3,10
2024,746975,542585,BULLPEN,3,1,0,0,1,0,2,5
2024,745106,663776,STARTER,15,4,1,0,2,0,3,21
2024,745106,643256,BULLPEN,3,0,0,0,0,0,0,3
2024,745106,472610,BULLPEN,3,0,0,0,0,0,0,3
2024,745106,519043,BULLPEN,3,2,2,1,0,0,1,5
2024,745106,608032,BULLPEN,3,0,0,0,0,0,2,3
2024,745108,667755,STARTER,15,1,1,0,5,0,6,20
2024,745108,472610,BULLPEN,3,0,0,0,0,0,0,3
2024,745108,519326,BULLPEN,3,0,0,0,0,0,2,3
2024,745108,519043,BULLPEN,3,0,0,0,0,0,0,3
2024,745108,608032,BULLPEN,3,3,2,0,0,0,1,6
2024,745108,542585,BULLPEN,6,1,0,0,0,0,0,7
2024,745108,608334,BULLPEN,5,2,1,0,2,0,3,9
2024,745105,672282,STARTER,16,7,1,0,1,0,4,22
2024,745105,643256,BULLPEN,5,1,0,0,0,1,2,6
2024,745105,519326,BULLPEN,6,3,2,1,0,0,2,9
2024,745104,656288,STARTER,16,4,2,0,1,1,4,22
2024,745104,472610,BULLPEN,5,0,0,0,0,0,2,4
2024,745104,519043,BULLPEN,3,1,0,0,0,0,1,4
2024,746729,542881,STARTER,21,3,1,1,3,0,2,27
2024,746729,643256,BULLPEN,1,1,4,0,2,1,0,5
2024,746729,542585,BULLPEN,2,1,1,1,1,0,1,4
2024,746726,663776,STARTER,12,6,7,1,5,0,6,21
2024,746726,660761,BULLPEN,5,1,0,0,2,0,3,8
2024,746726,519326,BULLPEN,4,1,0,0,1,0,2,6
2024,746726,472610,BULLPEN,3,1,0,0,0,0,2,4
2024,746727,667755,STARTER,18,3,0,0,3,1,7,25
2024,746727,542585,BULLPEN,6,2,0,0,1,0,3,9
2024,746242,672282,STARTER,21,6,4,2,3,0,4,29
2024,746242,519326,BULLPEN,3,0,0,0,0,0,1,3
2024,746242,660761,BULLPEN,3,0,0,0,1,0,1,4
2024,746246,656288,STARTER,15,5,3,0,2,0,4,22
2024,746246,643256,BULLPEN,3,0,0,0,1,0,2,4
2024,746246,519043,BULLPEN,1,2,1,1,0,0,0,3
2024,746246,472610,BULLPEN,5,1,0,0,0,0,3,6
2024,746246,608032,BULLPEN,3,0,0,0,0,0,2,3
2024,746244,542881,STARTER,15,4,2,1,4,1,7,24
2024,746244,660761,BULLPEN,2,4,4,0,1,1,0,7
2024,746244,542585,BULLPEN,4,0,0,0,1,0,0,5
2024,746244,608334,BULLPEN,6,1,0,0,1,1,2,8
2024,746243,663776,STARTER,17,9,3,1,0,0,4,24
2024,746243,542585,BULLPEN,3,1,0,0,0,0,2,4
2024,746243,519326,BULLPEN,4,0,0,0,0,0,0,4
2024,746243,519043,BULLPEN,3,1,1,0,2,1,0,7
2024,746245,667755,STARTER,5,3,4,0,3,2,1,12
2024,746245,660761,BULLPEN,4,5,3,0,0,0,1,8
2024,746245,542585,BULLPEN,2,2,3,1,1,0,0,5
2024,746245,608334,BULLPEN,10,5,4,1,2,0,2,17
2024,746245,519326,BULLPEN,3,0,0,0,0,0,1,3
2024,746245,543305,BULLPEN,3,2,2,1,1,0,0,6
2024,746237,672282,STARTER,15,9,5,0,0,0,3,24
2024,746237,643256,BULLPEN,3,1,0,0,0,0,0,2
2024,746237,472610,BULLPEN,2,3,4,0,2,0,1,7
2024,746237,519043,BULLPEN,1,1,0,0,0,0,1,2
2024,746237,670219,BULLPEN,6,3,0,0,2,0,2,11
2024,746236,656288,STARTER,15,3,4,0,5,1,1,22
2024,746236,519326,BULLPEN,3,0,0,0,1,0,0,4
2024,746236,643256,BULLPEN,3,1,0,0,2,0,0,6
2024,746236,519043,BULLPEN,3,0,0,0,1,0,2,4
2024,746236,608032,BULLPEN,3,2,1,0,0,0,1,5
2024,746239,542881,STARTER,18,5,3,1,2,0,6,24
2024,746239,472610,BULLPEN,3,0,0,0,0,0,1,3
2024,746239,519043,BULLPEN,2,2,1,0,0,0,1,4
2024,746239,608032,BULLPEN,2,3,3,2,0,0,2,5
2024,746239,607237,BULLPEN,2,1,0,0,1,0,1,4
2024,746238,663776,STARTER,15,4,2,0,2,0,10,21
2024,746238,519326,BULLPEN,3,0,0,0,0,0,2,3
2024,746238,607237,BULLPEN,3,1,0,0,1,0,2,4
2024,746238,643256,BULLPEN,3,1,0,0,0,0,2,4
2024,746238,472610,BULLPEN,3,1,0,0,0,0,2,4
2024,746645,667755,STARTER,18,5,0,0,1,0,3,24
2024,746645,607237,BULLPEN,3,0,0,0,0,0,2,3
2024,746645,660761,BULLPEN,6,1,0,0,1,0,3,8
2024,746644,672282,STARTER,17,5,7,3,4,0,7,26
2024,746644,519326,BULLPEN,1,0,0,0,0,0,0,1
2024,746644,608334,BULLPEN,6,1,0,0,1,0,1,8
2024,746643,656288,STARTER,18,4,2,1,1,0,5,23
2024,746643,643256,BULLPEN,3,0,0,0,0,1,2,4
2024,746643,519043,BULLPEN,3,1,2,1,1,0,1,5
2024,745509,542881,STARTER,19,6,4,1,3,0,5,28
2024,745509,519326,BULLPEN,5,0,0,0,0,0,1,4
2024,745508,663776,STARTER,21,3,0,0,1,0,7,25
2024,745508,472610,BULLPEN,3,0,0,0,0,0,0,3
2024,745508,608032,BULLPEN,3,0,0,0,0,0,1,3
2024,745507,667755,STARTER,14,6,4,0,2,0,6,22
2024,745507,643256,BULLPEN,4,0,0,0,0,0,3,4
2024,745507,519043,BULLPEN,4,0,0,0,0,0,2,4
2024,745507,472610,BULLPEN,2,0,0,0,0,0,0,2
2024,745507,608032,BULLPEN,3,0,0,0,0,0,2,3
2024,746241,672282,STARTER,15,7,6,2,2,0,5,23
2024,746241,607237,BULLPEN,2,1,2,0,2,0,2,5
2024,746241,660761,BULLPEN,10,4,2,0,0,0,6,14
2024,746240,656288,STARTER,17,3,0,0,2,0,3,22
2024,746240,643256,BULLPEN,1,0,0,0,0,0,1,1
2024,746240,519043,BULLPEN,3,1,0,0,1,0,1,5
2024,746240,472610,BULLPEN,3,0,0,0,0,0,1,3
2024,746240,608032,BULLPEN,3,3,2,1,0,0,1,6
2024,746232,542881,STARTER,20,7,3,0,1,0,4,27
2024,746232,643256,BULLPEN,1,0,0,0,0,0,0,1
2024,746232,519326,BULLPEN,3,1,0,0,0,0,1,4
2024,746232,608334,BULLPEN,3,0,0,0,0,0,0,3
2024,746234,663776,STARTER,18,11,4,0,0,0,3,29
2024,746234,519326,BULLPEN,3,0,0,0,0,0,2,3
2024,746234,607237,BULLPEN,3,0,0,0,0,0,2,3
2024,746234,608334,BULLPEN,3,0,0,0,0,0,1,4
2024,746233,667755,STARTER,16,2,0,0,3,0,6,20
2024,746233,643256,BULLPEN,2,3,3,1,0,0,0,4
2024,746233,519043,BULLPEN,1,3,4,0,1,0,0,5
2024,746233,472610,BULLPEN,2,1,1,0,2,1,1,6
2024,746233,660761,BULLPEN,6,1,0,0,2,0,2,11
2024,746235,672282,STARTER,15,8,4,0,2,0,7,25
2024,746235,519326,BULLPEN,3,2,1,0,1,0,1,6
2024,746235,607237,BULLPEN,3,1,1,1,1,0,2,5
2024,746235,608334,BULLPEN,6,1,0,0,0,0,4,7
2024,746231,656288,STARTER,18,5,1,1,3,0,5,25
2024,746231,519043,BULLPEN,3,0,0,0,2,0,2,5
2024,746231,472610,BULLPEN,3,3,1,0,0,0,2,6
2024,746231,608032,BULLPEN,3,1,0,0,0,0,1,4
2024,745016,542881,STARTER,21,2,1,1,2,0,4,25
2024,745016,519043,BULLPEN,2,3,2,1,0,0,0,5
2024,745016,519326,BULLPEN,1,0,0,0,0,0,0,1
2024,745016,608334,BULLPEN,3,0,0,0,0,0,1,3
2024,745013,663776,STARTER,18,3,1,1,3,0,5,23
2024,745013,643256,BULLPEN,3,0,0,0,0,0,1,3
2024,745013,472610,BULLPEN,3,1,1,0,1,0,0,5
2024,745013,519326,BULLPEN,3,0,0,0,0,0,0,3
2024,745013,608032,BULLPEN,6,1,0,0,1,0,2,7
2024,745013,608334,BULLPEN,4,1,0,0,2,1,0,7
2024,745012,667755,STARTER,23,5,1,1,2,0,5,30
2024,745012,472610,BULLPEN,4,2,0,0,0,0,0,5
2024,746390,672282,STARTER,12,8,6,2,1,0,3,21
2024,746390,660761,BULLPEN,6,0,0,0,1,0,1,6
2024,746390,643256,BULLPEN,3,0,0,0,1,0,0,4
2024,746390,519326,BULLPEN,3,0,0,0,0,0,1,3
2024,746390,608032,BULLPEN,3,2,1,0,1,0,0,6
2024,746385,656288,STARTER,15,5,2,2,3,0,2,21
2024,746385,608334,BULLPEN,4,2,2,1,1,0,2,7
2024,746385,472610,BULLPEN,2,1,1,1,0,0,0,3
2024,746385,519043,BULLPEN,3,0,0,0,0,0,2,3
2024,746385,519326,BULLPEN,3,1,0,0,0,0,0,4
2024,746385,608032,BULLPEN,1,1,0,0,1,0,0,3
2024,746386,542881,STARTER,24,6,1,0,2,0,4,31
2024,746386,472610,BULLPEN,3,0,0,0,0,0,2,3
2024,746227,663776,STARTER,11,6,8,3,4,1,4,22
2024,746227,660761,BULLPEN,10,4,2,1,2,0,2,16
2024,746227,672710,BULLPEN,6,0,0,0,1,0,2,7
2024,746226,667755,STARTER,18,4,4,1,1,0,8,23
2024,746226,519326,BULLPEN,3,1,0,0,0,0,1,4
2024,746226,519043,BULLPEN,3,1,0,0,0,0,0,3
2024,746226,472610,BULLPEN,3,0,0,0,0,0,1,3
2024,746230,672282,STARTER,15,4,3,0,4,1,8,24
2024,746230,643256,BULLPEN,1,1,2,0,2,1,0,5
2024,746230,519043,BULLPEN,2,0,0,0,1,0,2,3
2024,746230,672710,BULLPEN,3,0,0,0,0,0,2,3
2024,746230,608334,BULLPEN,6,1,0,0,0,0,0,7
2024,746229,656288,STARTER,15,9,3,1,2,0,5,26
2024,746229,519326,BULLPEN,3,0,0,0,0,0,1,3
2024,746229,472610,BULLPEN,3,0,0,0,0,0,1,3
2024,746229,519043,BULLPEN,3,0,0,0,0,0,1,3
2024,746229,608032,BULLPEN,3,0,0,0,0,0,0,3
2024,746228,542881,STARTER,15,4,1,1,6,0,4,23
2024,746228,643256,BULLPEN,3,0,0,0,0,0,1,4
2024,746228,519326,BULLPEN,3,1,0,0,1,0,2,5
2024,746228,672710,BULLPEN,3,0,0,0,2,0,0,5
2024,746228,472610,BULLPEN,3,1,0,0,0,0,0,3
2024,746225,663776,STARTER,18,2,2,1,3,0,7,22
2024,746225,643256,BULLPEN,1,1,5,0,4,0,0,6
2024,746225,660761,BULLPEN,8,2,1,0,1,0,3,11
2024,745253,667755,STARTER,18,7,4,0,2,0,3,27
2024,745253,472610,BULLPEN,3,0,0,0,0,1,1,4
2024,745253,519043,BULLPEN,3,2,1,1,0,0,1,5
2024,745251,672282,STARTER,11,4,5,1,4,0,3,19
2024,745251,608334,BULLPEN,5,2,2,1,2,0,2,9
2024,745251,672710,BULLPEN,5,2,2,0,0,1,1,8
2024,745251,657061,BULLPEN,3,1,0,0,1,0,0,4
2024,745252,656288,STARTER,20,4,1,1,1,1,4,26
2024,745252,519326,BULLPEN,1,0,0,0,0,0,0,1
2024,745252,519043,BULLPEN,1,0,0,0,2,0,1,3
2024,745252,472610,BULLPEN,1,1,0,0,1,1,1,5
2024,745252,660761,BULLPEN,1,0,0,0,0,0,1,1
2024,746224,542881,STARTER,20,5,1,1,3,0,2,26
2024,746224,519326,BULLPEN,4,1,0,0,1,0,0,6
2024,746224,608032,BULLPEN,3,0,0,0,0,0,1,3
2024,746222,663776,STARTER,18,4,1,0,1,1,7,24
2024,746222,519043,BULLPEN,3,0,0,0,1,0,0,4
2024,746222,472610,BULLPEN,2,3,1,0,0,0,2,5
2024,746222,519326,BULLPEN,1,0,0,0,0,0,0,1
2024,746222,608032,BULLPEN,3,0,0,0,0,0,0,3
2024,746221,667755,STARTER,18,6,1,0,1,0,1,23
2024,746221,643256,BULLPEN,3,1,0,0,0,0,0,5
2024,746221,690829,BULLPEN,3,1,0,0,0,0,0,4
2024,746221,519043,BULLPEN,3,0,0,0,0,0,0,3
2024,746220,656288,STARTER,19,7,3,0,2,0,2,28
2024,746220,519326,BULLPEN,2,2,3,1,1,0,0,5
2024,746220,672710,BULLPEN,6,2,1,1,0,0,2,8
2024,746223,542881,STARTER,18,7,4,1,1,1,3,26
2024,746223,643256,BULLPEN,3,0,0,0,0,0,1,3
2024,746223,690829,BULLPEN,1,4,2,0,0,0,0,5
2024,746223,608334,BULLPEN,5,0,0,0,0,0,4,5
2024,746216,663776,STARTER,17,8,5,0,3,0,4,26
2024,746216,519326,BULLPEN,1,2,2,1,0,1,0,4
2024,746216,519043,BULLPEN,3,2,0,0,0,0,0,5
2024,746216,472610,BULLPEN,3,2,0,0,0,0,1,4
2024,746216,608032,BULLPEN,3,0,0,0,0,0,1,3
2024,747190,660761,STARTER,8,6,4,1,1,1,3,14
2024,747190,608334,BULLPEN,8,2,2,0,3,1,2,14
2024,747190,643256,BULLPEN,1,2,0,0,1,0,0,4
2024,747190,690829,BULLPEN,2,3,3,0,1,0,1,6
2024,747190,519326,BULLPEN,5,2,0,0,0,0,0,7
2024,747193,667755,STARTER,24,5,2,1,2,0,5,27
2024,747193,519043,BULLPEN,3,1,1,1,0,0,1,4
2024,747192,656288,STARTER,18,4,4,2,1,1,3,24
2024,747192,519326,BULLPEN,0,2,3,0,1,0,0,3
2024,747192,472610,BULLPEN,2,1,3,1,3,0,1,6
2024,747192,672710,BULLPEN,4,2,1,0,1,0,1,7
2024,745326,542881,STARTER,16,5,1,0,5,0,5,25
2024,745326,690829,BULLPEN,5,0,0,0,2,0,1,7
2024,745326,643256,BULLPEN,1,3,4,0,0,1,0,5
2024,745326,672710,BULLPEN,2,2,1,1,0,0,0,3
2024,745326,608032,BULLPEN,3,0,0,0,0,0,1,3
2024,745329,663776,STARTER,15,8,3,1,2,0,5,24
2024,745329,519043,BULLPEN,3,1,0,0,0,0,0,4
2024,745329,519326,BULLPEN,3,1,0,0,0,0,1,4
2024,745329,472610,BULLPEN,3,0,0,0,0,0,2,3
2024,745329,608032,BULLPEN,3,0,0,0,0,0,2,3
2024,745321,690829,STARTER,6,1,0,0,1,1,3,9
2024,745321,660761,BULLPEN,3,5,5,0,1,1,0,10
2024,745321,519326,BULLPEN,2,4,3,1,0,0,1,7
2024,745321,665896,BULLPEN,7,0,0,0,1,0,1,8
2024,745321,608334,BULLPEN,3,6,4,1,1,0,0,10
2024,745321,641645,BULLPEN,3,0,0,0,0,0,0,3
2024,746215,668676,STARTER,18,4,3,2,2,0,1,23
2024,746215,472610,BULLPEN,3,1,0,0,1,0,3,5
2024,746215,519043,BULLPEN,3,0,0,0,1,0,0,4
2024,746215,608032,BULLPEN,3,0,0,0,0,0,1,3
2024,746217,656288,STARTER,15,8,4,1,2,0,4,24
2024,746217,672710,BULLPEN,9,0,0,0,1,0,4,10
2024,746217,608334,BULLPEN,3,0,0,0,0,0,1,3
2024,746219,542881,STARTER,21,4,1,0,3,0,5,27
2024,746219,472610,BULLPEN,3,2,1,0,1,0,1,6
2024,746219,665896,BULLPEN,3,0,0,0,1,0,0,3
2024,746131,663776,STARTER,7,2,0,0,2,0,1,10
2024,746131,519326,BULLPEN,5,0,0,0,0,0,2,5
2024,746131,519043,BULLPEN,3,2,2,1,0,0,0,5
2024,746131,690829,BULLPEN,6,0,0,0,0,0,2,6
2024,746131,472610,BULLPEN,6,1,0,0,0,0,1,6
2024,746131,608032,BULLPEN,3,0,0,0,0,0,2,3
2024,746132,668676,STARTER,10,7,6,2,1,0,1,18
2024,746132,608334,BULLPEN,5,2,1,0,2,0,2,9
2024,746132,668968,BULLPEN,3,0,0,0,0,0,2,3
2024,746132,665896,BULLPEN,3,0,0,0,1,0,1,4
2024,746132,672710,BULLPEN,3,0,0,0,0,0,1,3
2024,746218,656288,STARTER,21,5,1,1,1,0,5,25
2024,746218,690829,BULLPEN,3,1,0,0,1,0,2,5
2024,746218,668968,BULLPEN,3,0,0,0,1,0,2,4
2024,746213,542881,STARTER,15,5,3,1,5,1,2,25
2024,746213,519326,BULLPEN,3,0,0,0,0,0,1,3
2024,746213,472610,BULLPEN,3,1,0,0,0,0,0,4
2024,746213,665896,BULLPEN,1,2,1,0,0,0,0,4
2024,746213,690829,BULLPEN,2,0,0,0,1,0,0,2
2024,746213,608032,BULLPEN,3,1,0,0,0,0,2,4
2024,746212,672710,STARTER,9,4,1,0,2,0,2,14
2024,746212,668968,BULLPEN,6,0,0,0,1,0,1,6
2024,746212,519043,BULLPEN,3,0,0,0,0,0,1,3
2024,746212,519326,BULLPEN,3,0,0,0,1,0,1,4
2024,746212,670871,BULLPEN,6,3,1,0,1,1,1,10
2024,746210,669721,STARTER,24,4,0,0,0,0,8,26
2024,746210,690829,BULLPEN,3,0,0,0,0,0,0,3
2024,746214,668676,STARTER,8,1,2,0,4,0,3,13
2024,746214,665896,BULLPEN,4,1,0,0,0,0,1,5
2024,746214,519043,BULLPEN,3,0,0,0,0,0,0,3
2024,746214,519326,BULLPEN,6,0,0,0,0,0,2,6
2024,746214,472610,BULLPEN,3,0,0,0,0,0,0,3
2024,746214,608032,BULLPEN,3,0,0,0,0,0,0,3
2024,746211,656288,STARTER,18,6,4,1,2,1,4,28
2024,746211,668968,BULLPEN,3,0,0,0,0,0,2,3
2024,746211,608334,BULLPEN,3,0,0,0,1,0,1,4
2024,746211,608032,BULLPEN,3,1,0,0,0,0,0,3
2024,746211,690829,BULLPEN,3,0,0,0,0,0,1,3
2024,746209,542881,STARTER,14,7,6,1,1,0,2,22
2024,746209,681806,BULLPEN,4,1,1,1,1,0,3,6
2024,746209,608334,BULLPEN,6,0,0,0,0,0,1,6
2024,746209,519043,BULLPEN,3,0,0,0,0,0,0,3
2024,745647,667755,STARTER,12,3,4,2,1,1,4,17
2024,745647,668968,BULLPEN,3,1,0,0,1,0,0,5
2024,745647,665896,BULLPEN,6,3,3,0,0,1,1,10
2024,745647,519326,BULLPEN,3,0,0,0,0,0,1,3
2024,745643,669721,STARTER,16,7,4,2,1,0,3,24
2024,745643,519043,BULLPEN,2,1,0,0,1,0,0,4
2024,745643,608334,BULLPEN,6,2,0,0,0,0,3,8
2024,745641,672710,STARTER,8,3,2,0,3,0,1,14
2024,745641,519326,BULLPEN,4,0,0,0,1,0,1,5
2024,745641,668968,BULLPEN,3,0,0,0,1,0,0,4
2024,745641,519043,BULLPEN,3,0,0,0,2,0,0,5
2024,745641,665896,BULLPEN,6,1,1,1,2,0,3,7
2024,746859,656288,STARTER,13,6,4,1,2,0,4,21
2024,746859,519326,BULLPEN,2,1,0,0,0,0,1,3
2024,746859,668968,BULLPEN,3,2,1,0,0,0,1,5
2024,746859,472610,BULLPEN,3,0,0,0,0,0,0,3
2024,746859,608334,BULLPEN,3,0,0,0,0,0,0,3
2024,746856,542881,STARTER,24,3,0,0,0,0,10,27
2024,746856,690829,BULLPEN,3,1,0,0,0,0,2,4
2024,746855,667755,STARTER,15,6,3,0,1,0,3,21
2024,746855,519326,BULLPEN,3,0,0,0,1,0,1,4
2024,746855,519043,BULLPEN,3,1,2,1,1,0,0,5
2024,746855,608032,BULLPEN,3,0,0,0,1,0,1,4
2024,746208,669721,STARTER,11,8,7,1,0,1,3,19
2024,746208,608334,BULLPEN,9,4,2,1,0,0,5,14
2024,746208,665896,BULLPEN,4,0,0,0,2,0,0,5
2024,746208,668968,BULLPEN,3,0,0,0,0,0,1,3
2024,746206,672710,STARTER,6,5,4,1,1,0,1,12
2024,746206,519326,BULLPEN,6,0,0,0,1,0,2,6
2024,746206,690829,BULLPEN,6,1,0,0,0,0,0,7
2024,746206,472610,BULLPEN,5,1,1,1,2,0,0,8
2024,746206,519043,BULLPEN,4,1,0,0,0,0,2,5
2024,746205,656288,STARTER,13,7,2,1,2,0,3,21
2024,746205,668968,BULLPEN,5,0,0,0,1,0,2,5
2024,746205,519326,BULLPEN,2,1,0,0,1,1,1,5
2024,746205,665896,BULLPEN,4,0,0,0,0,0,1,4
2024,746205,608032,BULLPEN,3,0,0,0,0,0,0,3
2024,746204,686799,STARTER,9,7,4,1,0,2,1,16
2024,746204,670046,BULLPEN,18,8,6,2,3,0,4,27
2024,746207,542881,STARTER,18,6,4,2,0,0,4,24
2024,746207,690829,BULLPEN,3,0,0,0,0,1,1,3
2024,746207,472610,BULLPEN,3,2,0,0,0,0,0,5
2024,746207,608032,BULLPEN,3,1,0,0,0,0,2,4
2024,746207,668968,BULLPEN,3,1,0,0,1,0,2,5
2024,746202,667755,STARTER,18,5,1,0,4,2,5,26
2024,746202,690829,BULLPEN,3,1,0,0,0,0,3,4
2024,746202,472610,BULLPEN,3,0,0,0,0,0,1,3
2024,746202,608032,BULLPEN,3,0,0,0,0,0,1,3
2024,746201,608334,STARTER,14,0,0,0,1,1,7,17
2024,746201,519326,BULLPEN,4,2,1,1,0,0,2,6
2024,746201,519043,BULLPEN,3,1,1,0,1,0,3,5
2024,746201,668968,BULLPEN,3,1,0,0,1,1,2,6
2024,746201,672710,BULLPEN,3,0,0,0,0,0,1,3
2024,745640,656288,STARTER,10,6,6,1,2,0,3,18
2024,745640,672710,BULLPEN,6,2,2,0,1,0,1,9
2024,745640,519043,BULLPEN,2,5,5,2,0,0,2,7
2024,745640,668968,BULLPEN,3,0,0,0,0,0,1,3
2024,745640,641645,BULLPEN,3,1,0,0,1,0,0,5
2024,745638,686799,STARTER,12,7,7,1,3,0,4,19
2024,745638,670046,BULLPEN,12,4,1,0,1,0,3,16
2024,745633,608334,STARTER,14,5,3,1,2,0,3,20
2024,745633,519326,BULLPEN,4,1,0,0,1,0,0,5
2024,745633,668968,BULLPEN,1,1,2,0,1,0,0,3
2024,745633,690829,BULLPEN,2,1,0,0,2,0,0,5
2024,745633,472610,BULLPEN,3,0,0,0,0,0,1,3
2024,745633,608032,BULLPEN,3,0,0,0,1,0,0,4
2024,745232,542881,STARTER,17,3,1,0,1,1,8,22
2024,745232,668968,BULLPEN,1,0,0,0,0,0,1,1
2024,745232,519326,BULLPEN,3,0,0,0,0,0,2,3
2024,745232,472610,BULLPEN,3,1,0,0,0,0,2,4
2024,745232,608032,BULLPEN,3,0,0,0,0,0,1,3
2024,745227,667755,STARTER,23,3,1,0,3,1,5,29
2024,745227,690829,BULLPEN,1,0,0,0,1,0,0,2
2024,745227,672710,BULLPEN,3,0,0,0,1,0,1,4
2024,745231,656288,STARTER,15,4,1,1,3,0,6,21
2024,745231,650671,BULLPEN,3,0,0,0,1,0,0,3
2024,745231,668968,BULLPEN,3,1,0,0,0,0,2,4
2024,745231,472610,BULLPEN,3,1,0,0,0,0,0,4
2024,745231,608032,BULLPEN,3,0,0,0,0,0,0,3
2024,746199,670046,STARTER,10,6,6,3,1,0,1,16
2024,746199,519326,BULLPEN,5,0,0,0,0,0,0,5
2024,746199,519043,BULLPEN,3,1,0,0,0,1,2,5
2024,746199,690829,BULLPEN,6,1,0,0,1,1,0,9
2024,746199,672710,BULLPEN,3,1,0,0,0,1,1,5
2024,746200,608334,STARTER,17,2,3,1,3,0,3,21
2024,746200,668968,BULLPEN,1,3,2,1,1,0,1,5
2024,746200,650671,BULLPEN,3,1,0,0,0,0,0,4
2024,746200,519043,BULLPEN,3,0,0,0,1,0,1,3
2024,746200,672710,BULLPEN,3,1,0,0,0,0,1,4
2024,746203,542881,STARTER,21,6,3,1,1,0,10,27
2024,746203,519326,BULLPEN,3,1,0,0,0,0,0,4
2024,746203,519043,BULLPEN,3,0,0,0,2,0,1,5
2024,746195,667755,STARTER,8,5,3,0,2,0,2,15
2024,746195,665896,BULLPEN,3,2,0,0,1,0,2,6
2024,746195,672710,BULLPEN,4,0,0,0,0,0,1,4
2024,746195,650671,BULLPEN,3,0,0,0,0,0,3,3
2024,746195,690829,BULLPEN,6,0,0,0,0,0,3,6
2024,746195,472610,BULLPEN,3,0,0,0,0,0,0,3
2024,746197,656288,STARTER,18,6,6,1,2,0,6,26
2024,746197,650671,BULLPEN,3,1,1,1,0,0,0,4
2024,746197,690829,BULLPEN,3,0,0,0,0,0,0,3
2024,746197,519326,BULLPEN,3,0,0,0,0,0,1,3
2024,746198,669721,STARTER,15,5,1,0,1,0,5,21
2024,746198,665896,BULLPEN,3,1,0,0,0,0,1,4
2024,746198,657508,BULLPEN,3,1,0,0,0,0,1,3
2024,746198,668968,BULLPEN,3,1,1,1,0,1,2,5
2024,746198,519043,BULLPEN,3,0,0,0,0,0,2,3
2024,746196,608334,STARTER,18,3,2,1,1,1,8,23
2024,746196,650671,BULLPEN,3,1,0,0,0,0,1,3
2024,746196,690829,BULLPEN,3,1,0,0,1,0,1,4
2024,746196,519326,BULLPEN,3,1,2,1,1,0,1,5
2024,746196,668968,BULLPEN,3,0,0,0,0,0,2,4
2024,746193,542881,STARTER,15,8,3,1,2,0,3,26
2024,746193,657508,BULLPEN,3,3,1,0,0,0,2,7
2024,746193,672710,BULLPEN,6,1,0,0,0,0,5,7
2024,746193,665896,BULLPEN,3,1,0,0,0,0,1,4
2024,746194,667755,STARTER,18,5,0,0,2,0,6,25
2024,746194,668968,BULLPEN,1,1,2,0,1,0,1,3
2024,746194,519326,BULLPEN,2,1,2,1,1,0,0,4
2024,746194,519043,BULLPEN,2,1,0,0,0,0,0,3
2024,746194,690829,BULLPEN,4,0,0,0,0,0,1,4
2024,746191,656288,STARTER,15,3,1,0,4,0,8,22
2024,746191,665896,BULLPEN,6,1,0,0,0,0,0,7
2024,746191,657508,BULLPEN,3,1,0,0,0,1,1,4
2024,746191,672710,BULLPEN,3,0,0,0,0,0,2,3
2024,745709,669721,STARTER,10,7,5,1,2,0,4,19
2024,745709,665896,BULLPEN,5,2,0,0,2,0,2,9
2024,745709,668968,BULLPEN,3,0,0,0,2,0,2,5
2024,745709,519043,BULLPEN,6,0,0,0,1,0,0,7
2024,745713,608334,STARTER,12,7,2,0,1,0,1,20
2024,745713,519326,BULLPEN,6,2,0,0,1,0,1,9
2024,745713,650671,BULLPEN,3,0,0,0,1,0,1,3
2024,745713,672710,BULLPEN,3,0,0,0,0,0,1,3
2024,745713,657508,BULLPEN,3,0,0,0,0,0,0,3
2024,745710,542881,STARTER,18,3,1,1,1,0,7,22
2024,745710,672710,BULLPEN,3,0,0,0,0,0,0,3
2024,745710,657508,BULLPEN,3,4,2,0,0,0,0,7
2024,745710,690829,BULLPEN,3,1,1,1,1,0,2,5
2024,744818,667755,STARTER,18,4,1,0,1,0,7,23
2024,744818,519326,BULLPEN,3,0,0,0,0,0,0,3
2024,744818,650671,BULLPEN,3,2,1,0,0,0,0,5
2024,744818,519043,BULLPEN,4,0,0,0,1,0,0,5
2024,744818,690829,BULLPEN,0,1,0,0,0,0,0,1
2024,744820,656288,STARTER,21,8,4,1,0,0,0,25
2024,744820,519326,BULLPEN,3,0,0,0,1,0,1,4
2024,744820,668968,BULLPEN,3,0,0,0,0,0,1,3
2024,744820,672710,BULLPEN,0,1,0,0,0,0,0,1
2024,744816,686799,STARTER,23,6,2,1,1,0,2,29
2024,744816,657508,BULLPEN,1,0,0,0,2,0,0,3
2024,744816,690829,BULLPEN,3,3,2,0,2,0,0,7
2024,746192,669721,STARTER,15,8,4,1,2,0,5,25
2024,746192,668968,BULLPEN,5,1,0,0,2,0,1,7
2024,746192,519043,BULLPEN,4,0,0,0,1,0,1,5
2024,746192,657508,BULLPEN,3,0,0,0,0,0,1,3
2024,746187,608334,STARTER,9,5,5,2,2,0,3,16
2024,746187,670046,BULLPEN,15,2,1,0,2,0,4,20
2024,746187,672710,BULLPEN,3,0,0,0,0,0,1,3
2024,746188,542881,STARTER,17,6,7,2,4,1,8,28
2024,746188,657508,BULLPEN,1,0,0,0,0,0,1,1
2024,746188,668968,BULLPEN,3,0,0,0,0,0,2,3
2024,746188,650671,BULLPEN,3,0,0,0,1,0,2,4
2024,746188,519326,BULLPEN,3,2,2,1,1,0,0,5
2024,746189,667755,STARTER,10,3,2,0,3,1,5,16
2024,746189,672710,BULLPEN,3,1,0,0,1,0,0,5
2024,746189,656271,BULLPEN,5,0,0,0,2,0,2,6
2024,746189,519326,BULLPEN,3,2,0,0,0,0,1,5
2024,746189,519043,BULLPEN,1,1,0,0,1,0,0,3
2024,746189,690829,BULLPEN,5,1,0,0,0,0,1,5
2024,746190,656288,STARTER,13,8,7,2,1,0,3,21
2024,746190,657508,BULLPEN,5,2,2,1,1,0,1,8
2024,746190,542585,BULLPEN,5,1,1,0,1,1,1,8
2024,746190,668968,BULLPEN,4,1,0,0,1,0,2,6
2024,746186,686799,STARTER,18,7,2,1,3,1,0,26
2024,746186,650671,BULLPEN,3,0,0,0,0,0,2,3
2024,746186,672710,BULLPEN,3,1,1,0,1,1,0,6
2024,746186,656271,BULLPEN,3,0,0,0,0,0,2,3
2024,746270,608334,STARTER,12,5,2,1,3,0,4,20
2024,746270,682989,BULLPEN,6,4,2,0,1,0,3,11
2024,746270,656271,BULLPEN,3,0,0,0,0,0,1,3
2024,746270,519043,BULLPEN,3,0,0,0,0,0,2,3
2024,746266,542881,STARTER,18,11,4,0,2,0,2,30
2024,746266,519326,BULLPEN,3,0,0,0,0,0,0,2
2024,746266,650671,BULLPEN,3,0,0,0,0,0,1,3
2024,746266,690829,BULLPEN,3,0,0,0,0,0,2,3
2024,746267,456501,STARTER,19,8,3,1,2,0,1,28
2024,746267,672710,BULLPEN,5,0,0,0,1,0,3,5
2024,744894,656271,STARTER,3,3,3,0,0,0,1,6
2024,744894,657508,BULLPEN,3,3,2,1,1,0,0,7
2024,744894,656288,BULLPEN,18,2,0,0,0,0,6,20
2024,744889,686799,STARTER,18,7,3,0,0,0,1,25
2024,744889,519326,BULLPEN,2,0,0,0,1,0,0,3
2024,744889,650671,BULLPEN,1,0,0,0,0,0,1,1
2024,744889,690829,BULLPEN,3,1,0,0,0,0,1,4
2024,744889,672710,BULLPEN,0,2,2,2,0,0,0,2
2024,744890,608334,STARTER,18,7,2,0,2,0,8,26
2024,744890,656271,BULLPEN,3,0,0,0,0,0,2,3
2024,744890,682989,BULLPEN,3,1,1,1,0,0,1,4
2024,744892,542881,STARTER,15,4,2,0,4,0,3,23
2024,744892,519326,BULLPEN,3,1,2,1,1,0,0,5
2024,744892,519043,BULLPEN,1,1,2,1,1,0,0,3
2024,744892,666171,BULLPEN,5,1,2,0,2,1,4,9
2024,746429,456501,STARTER,15,6,6,3,1,0,5,22
2024,746429,656271,BULLPEN,3,0,0,0,0,0,3,3
2024,746429,668943,BULLPEN,3,0,0,0,0,0,2,3
2024,746429,666171,BULLPEN,3,0,0,0,0,0,2,3
2024,746430,656288,STARTER,15,5,3,1,4,0,4,22
2024,746430,650671,BULLPEN,3,0,0,0,1,0,0,3
2024,746430,656271,BULLPEN,3,0,0,0,0,0,2,3
2024,746430,519326,BULLPEN,3,0,0,0,1,0,1,3
2024,746432,686799,STARTER,18,5,0,0,0,1,4,22
2024,746432,672710,BULLPEN,3,1,0,0,0,1,1,5
2024,746432,650671,BULLPEN,2,1,0,0,2,0,2,5
2024,746432,690829,BULLPEN,4,1,0,0,0,0,2,5
2024,746184,691951,STARTER,15,6,2,1,2,2,3,27
2024,746184,682989,BULLPEN,4,0,1,0,3,0,1,6
2024,746184,519326,BULLPEN,2,2,0,0,0,0,2,4
2024,746184,668943,BULLPEN,1,1,1,0,1,0,0,3
2024,746184,666171,BULLPEN,5,0,0,0,1,0,1,6
2024,746182,542881,STARTER,12,6,4,2,3,0,3,21
2024,746182,656271,BULLPEN,3,1,0,0,0,0,2,5
2024,746182,672710,BULLPEN,6,0,0,0,2,0,0,8
2024,746182,650671,BULLPEN,3,0,0,0,1,1,0,4
2024,746182,690829,BULLPEN,3,1,0,0,0,1,1,5
2024,746183,702674,STARTER,18,2,2,1,4,0,4,23
2024,746183,668943,BULLPEN,3,1,0,0,0,0,2,4
2024,746183,656271,BULLPEN,3,1,0,0,1,0,1,5
2024,746183,690829,BULLPEN,3,1,0,0,0,0,1,3
2024,746185,672282,STARTER,18,3,2,0,2,0,10,23
2024,746185,519326,BULLPEN,3,0,0,0,0,0,1,3
2024,746185,650671,BULLPEN,3,0,0,0,1,0,2,4
2024,746185,690829,BULLPEN,3,0,0,0,0,0,2,3
2024,746185,672710,BULLPEN,2,2,3,1,1,0,0,5
2024,746185,656271,BULLPEN,1,1,0,0,0,0,1,2
2024,746178,656288,STARTER,20,4,1,0,4,0,7,26
2024,746178,519326,BULLPEN,4,1,0,0,0,0,1,5
2024,746178,668943,BULLPEN,3,1,0,0,1,0,0,4
2024,744966,686799,STARTER,18,8,3,1,1,1,0,26
2024,744966,666171,BULLPEN,6,2,0,0,0,0,2,8
2024,744967,691951,STARTER,18,3,1,0,3,0,7,24
2024,744967,519326,BULLPEN,3,0,0,0,0,0,2,3
2024,744967,656271,BULLPEN,3,1,0,0,0,0,1,3
2024,744967,650671,BULLPEN,3,0,0,0,1,0,2,4
2024,744963,542881,STARTER,15,1,1,0,2,0,7,19
2024,744963,519326,BULLPEN,3,1,0,0,0,0,0,4
2024,744963,682989,BULLPEN,3,2,3,0,2,0,0,6
2024,744963,672710,BULLPEN,3,3,1,0,0,0,0,6
2024,744965,702674,STARTER,3,7,5,3,1,0,1,11
2024,744965,666171,BULLPEN,9,0,0,0,0,1,2,9
2024,744965,668968,BULLPEN,4,0,0,0,2,0,1,6
2024,744965,656271,BULLPEN,3,0,0,0,0,0,1,3
2024,744965,668943,BULLPEN,5,3,1,0,0,0,0,8
2024,745860,672282,STARTER,18,5,2,1,2,0,8,24
2024,745860,660761,BULLPEN,9,0,0,0,1,0,4,10
2024,745856,656288,STARTER,17,9,9,3,3,0,4,29
2024,745856,672710,BULLPEN,4,0,0,0,1,0,1,5
2024,745856,670871,BULLPEN,3,1,0,0,0,0,0,4
2024,745857,686799,STARTER,17,7,4,1,1,2,3,25
2024,745857,656271,BULLPEN,3,2,2,0,1,0,2,6
2024,745857,519326,BULLPEN,1,1,0,0,0,0,0,2
2024,745857,650671,BULLPEN,3,1,0,0,0,0,0,4
2024,746181,691951,STARTER,6,6,4,1,5,0,0,16
2024,746181,668943,BULLPEN,3,0,0,0,0,0,0,3
2024,746181,660761,BULLPEN,12,5,0,0,0,0,5,15
2024,746181,666171,BULLPEN,3,1,0,0,0,0,0,3
2024,746181,656271,BULLPEN,3,2,1,1,1,0,0,6
2024,746177,542881,STARTER,15,7,4,1,3,0,4,25
2024,746177,519326,BULLPEN,3,1,0,0,0,0,0,3
2024,746177,666171,BULLPEN,3,0,0,0,0,0,2,3
2024,746177,670871,BULLPEN,6,2,1,1,1,0,4,9
2024,746180,702674,STARTER,10,5,4,1,2,1,3,18
2024,746180,672710,BULLPEN,7,1,0,0,2,0,1,10
2024,746180,668943,BULLPEN,4,0,0,0,0,0,3,4
2024,746180,608334,BULLPEN,3,2,0,0,0,0,0,5
2024,746180,519326,BULLPEN,3,0,0,0,0,0,2,3
2024,746179,672282,STARTER,16,7,7,3,3,0,6,26
2024,746179,670871,BULLPEN,5,1,1,1,0,0,3,6
2024,746179,666171,BULLPEN,3,0,0,0,0,0,0,3
2024,746179,650671,BULLPEN,3,1,0,0,2,0,1,6
2024,746176,656288,STARTER,18,3,0,0,2,0,6,21
2024,746176,656271,BULLPEN,3,0,0,0,0,0,1,3
2024,746176,519326,BULLPEN,3,2,0,0,0,0,2,5
2024,746176,668943,BULLPEN,3,1,0,0,0,0,0,3
2024,746172,686799,STARTER,21,5,1,1,0,0,5,26
2024,746172,656271,BULLPEN,3,0,0,0,2,0,0,4
2024,746172,666171,BULLPEN,3,0,0,0,0,0,0,3
2024,746172,608334,BULLPEN,3,0,0,0,1,0,0,3
2024,746172,670046,BULLPEN,4,1,0,0,0,0,1,5
2024,746172,670871,BULLPEN,2,0,0,0,1,0,1,3
2024,746172,650671,BULLPEN,3,0,0,0,2,0,3,5
2024,746341,660761,STARTER,15,3,0,0,2,0,5,21
2024,746341,670871,BULLPEN,3,1,0,0,0,0,0,3
2024,746341,519326,BULLPEN,3,1,0,0,0,0,1,4
2024,746341,668943,BULLPEN,3,1,2,0,4,0,0,8
2024,746340,542881,STARTER,8,8,3,2,0,1,4,18
2024,746340,670046,BULLPEN,4,3,2,0,1,0,0,7
2024,746340,672710,BULLPEN,9,3,1,1,0,0,2,12
2024,746340,656271,BULLPEN,3,0,0,0,0,0,0,3
2024,746338,672282,STARTER,6,9,7,1,3,0,3,17
2024,746338,608334,BULLPEN,9,7,1,0,1,0,1,15
2024,746338,670871,BULLPEN,3,0,0,0,1,0,0,4
2024,746338,668943,BULLPEN,3,3,2,2,1,0,0,7
2024,746338,683021,BULLPEN,3,1,0,0,0,1,0,5
2024,746339,656288,STARTER,13,6,4,2,3,0,3,22
2024,746339,519326,BULLPEN,5,0,0,0,1,0,0,5
2024,746339,666171,BULLPEN,4,2,2,0,1,0,1,7
2024,746339,656271,BULLPEN,2,1,0,0,0,0,0,2
2024,746339,650671,BULLPEN,2,3,2,0,1,0,1,6
2024,746339,670871,BULLPEN,1,0,0,0,0,0,1,1
2024,746743,686799,STARTER,21,3,0,0,0,0,4,23
2024,746743,519326,BULLPEN,1,2,1,0,1,0,0,4
2024,746743,656271,BULLPEN,2,1,0,0,0,0,0,4
2024,746742,660761,STARTER,15,5,3,2,2,0,5,22
2024,746742,668943,BULLPEN,3,1,0,0,1,0,2,4
2024,746742,670871,BULLPEN,3,1,0,0,0,0,0,4
2024,746742,656271,BULLPEN,3,0,0,0,0,0,1,3
2024,746742,666171,BULLPEN,3,1,0,0,0,0,1,4
2024,746742,650671,BULLPEN,1,1,0,0,0,0,1,2
2024,746738,542881,STARTER,13,4,4,0,3,1,2,22
2024,746738,608334,BULLPEN,2,4,2,0,0,0,1,6
2024,746738,670046,BULLPEN,9,4,0,0,0,0,4,13
2024,746173,672282,STARTER,15,8,4,3,1,0,12,24
2024,746173,672710,BULLPEN,6,1,0,0,0,0,0,7
2024,746173,668943,BULLPEN,3,0,0,0,0,0,2,3
2024,746173,670871,BULLPEN,3,1,1,1,0,0,0,4
2024,746171,656288,STARTER,15,4,2,1,2,0,4,20
2024,746171,519326,BULLPEN,2,1,1,1,1,0,0,4
2024,746171,666171,BULLPEN,4,0,0,0,2,0,3,6
2024,746171,656271,BULLPEN,3,3,2,0,0,0,2,6
2024,746171,650671,BULLPEN,1,0,3,0,3,1,1,5
2024,746171,668943,BULLPEN,2,1,0,0,0,0,0,4
2024,746174,686799,STARTER,21,6,3,0,1,1,1,29
2024,746174,670871,BULLPEN,3,2,2,1,0,0,0,5
2024,746174,672710,BULLPEN,1,3,3,1,1,0,0,5
2024,746174,608334,BULLPEN,2,0,0,0,1,0,0,3
2025,778554,579328,STARTER,18,5,3,1,0,0,5,23
2025,778554,696270,BULLPEN,5,4,5,2,1,0,1,10
2025,778554,670032,BULLPEN,1,0,0,0,1,0,0,2
2025,778534,667755,STARTER,21,2,0,0,2,0,5,23
2025,778534,690829,BULLPEN,3,0,0,0,1,0,0,4
2025,778534,445276,BULLPEN,3,0,0,0,1,0,2,4
2025,778527,686799,STARTER,18,4,2,1,0,0,4,21
2025,778527,666171,BULLPEN,1,1,0,0,1,0,1,3
2025,778527,690829,BULLPEN,2,0,0,0,0,0,0,2
2025,778527,656271,BULLPEN,3,1,0,0,0,0,1,4
2025,778527,445276,BULLPEN,3,1,0,0,1,0,0,4
2025,778503,542881,STARTER,15,6,3,2,2,0,4,22
2025,778503,672282,BULLPEN,5,1,0,0,2,0,3,8
2025,778503,666171,BULLPEN,1,0,0,0,0,0,0,1
2025,778503,680729,BULLPEN,3,2,0,0,0,0,0,5
2025,778503,656271,BULLPEN,3,1,0,0,1,0,1,5
2025,778503,696270,BULLPEN,3,1,0,0,0,0,1,4
2025,778495,543294,STARTER,18,7,2,1,0,0,4,24
2025,778495,666120,BULLPEN,3,0,0,0,0,0,2,3
2025,778495,690829,BULLPEN,3,1,0,0,0,0,0,5
2025,778495,445276,BULLPEN,3,0,0,0,0,0,1,3
2025,778495,680729,BULLPEN,1,1,2,0,2,0,1,4
2025,778495,696270,BULLPEN,3,2,0,0,1,0,0,6
2025,778495,666171,BULLPEN,2,0,0,0,0,0,1,2
2025,778473,579328,STARTER,18,4,3,2,5,0,6,26
2025,778473,666120,BULLPEN,3,6,4,0,1,0,1,10
2025,778473,656271,BULLPEN,2,2,4,1,2,0,1,6
2025,778473,672282,BULLPEN,1,0,0,0,0,0,1,1
2025,778447,667755,STARTER,16,5,5,2,3,0,9,23
2025,778447,666171,BULLPEN,1,0,1,0,1,0,0,2
2025,778447,672282,BULLPEN,1,1,0,0,1,0,0,2
2025,778447,702674,BULLPEN,9,4,2,1,1,0,2,14
2025,778437,686799,STARTER,15,4,2,2,3,0,4,22
2025,778437,680729,BULLPEN,6,1,0,0,0,0,2,6
2025,778437,666120,BULLPEN,6,2,1,0,1,0,1,9
2025,778425,542881,STARTER,15,1,2,1,4,1,5,21
2025,778425,666171,BULLPEN,3,1,0,0,0,0,3,4
2025,778425,656271,BULLPEN,2,1,0,0,0,0,0,3
2025,778425,690829,BULLPEN,4,0,0,0,0,0,1,4
2025,778425,445276,BULLPEN,3,0,0,0,0,0,1,3
2025,778417,543294,STARTER,15,2,0,0,2,0,4,17
2025,778417,666171,BULLPEN,3,0,0,0,0,0,2,3
2025,778417,690829,BULLPEN,1,4,3,1,0,0,0,5
2025,778417,680729,BULLPEN,2,0,0,0,2,0,1,4
2025,778417,656271,BULLPEN,3,1,0,0,0,1,2,5
2025,778417,445276,BULLPEN,3,2,0,0,0,0,2,5
2025,778399,579328,STARTER,18,6,4,1,3,0,5,25
2025,778399,672282,BULLPEN,6,1,1,1,0,0,2,7
2025,778382,667755,STARTER,23,5,1,0,3,0,4,28
2025,778382,696270,BULLPEN,4,1,0,0,0,0,1,4
2025,778368,686799,STARTER,14,7,6,0,3,0,1,23
2025,778368,680729,BULLPEN,1,2,1,1,1,0,0,4
2025,778368,690382,BULLPEN,3,3,4,0,3,0,0,9
2025,778368,666120,BULLPEN,6,5,3,2,1,0,2,12
2025,778351,542881,STARTER,17,1,0,0,4,0,6,22
2025,778351,696270,BULLPEN,1,0,0,0,0,0,1,1
2025,778351,656271,BULLPEN,3,0,0,0,0,0,0,3
2025,778351,666171,BULLPEN,3,1,1,1,0,0,2,4
2025,778351,445276,BULLPEN,3,1,0,0,0,0,1,4
2025,778329,543294,STARTER,12,4,5,1,3,0,1,18
2025,778329,672282,BULLPEN,6,1,1,0,1,0,0,7
2025,778329,690382,BULLPEN,3,0,1,0,1,0,1,4
2025,778329,680729,BULLPEN,3,1,0,0,0,1,1,5
2025,778306,579328,STARTER,18,3,1,0,2,0,6,22
2025,778306,672282,BULLPEN,3,2,1,0,0,0,0,5
2025,778306,696270,BULLPEN,3,3,1,0,0,0,2,6
2025,778289,667755,STARTER,17,10,3,0,2,0,2,28
2025,778289,656271,BULLPEN,4,1,0,0,0,0,3,5
2025,778289,690382,BULLPEN,3,0,0,0,0,0,0,3
2025,778281,686799,STARTER,14,8,4,1,1,1,1,23
2025,778281,696270,BULLPEN,4,1,0,0,0,0,1,5
2025,778281,666171,BULLPEN,3,1,1,1,0,0,3,4
2025,778281,666120,BULLPEN,3,1,0,0,0,0,0,3
2025,778260,542881,STARTER,18,3,0,0,2,0,6,23
2025,778260,656271,BULLPEN,3,1,0,0,0,0,0,4
2025,778260,666171,BULLPEN,3,0,0,0,1,0,2,4
2025,778260,445276,BULLPEN,3,0,0,0,0,0,0,3
2025,778243,543294,STARTER,15,4,3,1,2,0,1,20
2025,778243,672282,BULLPEN,8,1,0,0,1,0,2,10
2025,778243,696270,BULLPEN,4,0,0,0,0,0,0,4
2025,778232,579328,STARTER,16,5,0,0,4,0,6,25
2025,778232,656271,BULLPEN,2,2,2,1,1,0,1,4
2025,778232,666120,BULLPEN,4,0,1,0,3,0,1,7
2025,778232,690382,BULLPEN,5,1,0,0,0,0,1,6
2025,778211,667755,STARTER,10,8,5,1,4,0,2,21
2025,778211,680729,BULLPEN,5,3,1,0,1,0,0,8
2025,778211,690382,BULLPEN,6,3,0,0,0,0,2,9
2025,778211,656271,BULLPEN,3,1,0,0,1,0,1,4
2025,778211,666120,BULLPEN,3,3,3,0,1,0,1,7
2025,778202,686799,STARTER,18,8,2,1,1,1,3,25
2025,778202,672282,BULLPEN,6,2,0,0,0,0,4,8
2025,778202,605218,BULLPEN,3,1,1,0,1,0,1,5
2025,778191,542881,STARTER,18,6,3,2,0,0,1,24
2025,778191,696270,BULLPEN,3,1,0,0,1,0,1,5
2025,778191,666171,BULLPEN,3,1,0,0,0,0,2,4
2025,778191,445276,BULLPEN,3,1,0,0,0,0,1,4
2025,778186,543294,STARTER,9,3,7,1,5,2,3,19
2025,778186,605218,BULLPEN,6,3,2,1,0,0,1,8
2025,778186,682989,BULLPEN,9,2,2,0,3,0,2,13
2025,778166,579328,STARTER,6,9,4,0,4,0,0,19
2025,778166,696270,BULLPEN,6,2,0,0,0,0,4,8
2025,778166,672282,BULLPEN,6,2,1,0,0,0,2,8
2025,778166,820862,BULLPEN,3,0,0,0,1,0,2,4
2025,778166,680729,BULLPEN,3,0,0,0,0,0,0,3
2025,778144,667755,STARTER,15,5,3,0,1,0,4,22
2025,778144,656271,BULLPEN,3,1,0,0,0,0,0,4
2025,778144,666171,BULLPEN,3,2,1,0,0,0,2,5
2025,778144,671109,BULLPEN,3,1,0,0,0,0,1,4
2025,778121,686799,STARTER,18,4,3,1,4,0,6,26
2025,778121,820862,BULLPEN,1,3,2,1,1,0,0,5
2025,778121,680729,BULLPEN,5,0,0,0,1,0,0,4
2025,778104,542881,STARTER,18,4,2,1,2,0,5,25
2025,778104,672282,BULLPEN,0,5,5,0,0,0,0,5
2025,778104,696270,BULLPEN,3,3,1,0,1,0,1,7
2025,778104,671109,BULLPEN,3,0,0,0,0,0,0,2
2025,778101,579328,STARTER,15,5,2,2,1,1,5,22
2025,778101,656271,BULLPEN,3,0,0,0,0,0,1,3
2025,778101,666171,BULLPEN,3,1,1,0,0,0,1,4
2025,778101,672282,BULLPEN,1,3,4,1,1,0,0,5
2025,778101,820862,BULLPEN,2,1,0,0,0,0,2,3
2025,778101,680729,BULLPEN,3,3,3,1,1,0,1,7
2025,778085,667755,STARTER,18,6,0,0,1,0,5,23
2025,778085,696270,BULLPEN,3,1,1,1,0,0,1,4
2025,778085,666171,BULLPEN,3,0,0,0,0,0,1,3
2025,778085,445276,BULLPEN,2,6,6,3,0,0,1,8
2025,778085,671109,BULLPEN,1,1,2,1,1,0,0,3
2025,778067,543294,STARTER,23,4,1,1,0,0,3,26
2025,778067,656271,BULLPEN,2,2,1,0,0,0,0,4
2025,778067,445276,BULLPEN,2,0,0,0,0,0,0,2
2025,778050,686799,STARTER,15,7,5,1,2,1,1,23
2025,778050,690382,BULLPEN,3,3,3,1,0,1,2,7
2025,778050,820862,BULLPEN,3,2,3,1,1,1,2,7
2025,778050,657053,BULLPEN,6,4,2,0,1,0,3,11
2025,778025,542881,STARTER,20,6,2,1,1,0,7,27
2025,778025,696270,BULLPEN,2,3,1,1,0,0,2,5
2025,778025,593576,BULLPEN,2,0,0,0,0,0,2,2
2025,778025,820862,BULLPEN,3,0,0,0,0,0,0,3
2025,778009,579328,STARTER,18,5,1,0,1,0,6,23
2025,778009,672282,BULLPEN,0,3,3,0,0,0,0,3
2025,778009,666171,BULLPEN,3,2,0,0,0,0,2,5
2025,778009,641401,BULLPEN,3,2,0,0,0,0,0,4
2025,778009,656271,BULLPEN,3,0,0,0,1,0,0,4
2025,778000,667755,STARTER,15,8,3,0,4,0,6,26
2025,778000,696270,BULLPEN,0,2,3,0,1,0,0,3
2025,778000,656271,BULLPEN,3,2,1,0,2,0,1,7
2025,778000,820862,BULLPEN,3,0,0,0,0,0,2,3
2025,778000,641401,BULLPEN,6,2,1,1,0,0,2,7
2025,777986,543294,STARTER,15,6,3,1,3,0,5,24
2025,777986,672282,BULLPEN,3,0,0,0,0,0,1,3
2025,777986,593576,BULLPEN,3,0,0,0,0,0,1,3
2025,777986,641312,BULLPEN,4,2,1,0,1,0,3,7
2025,777986,445276,BULLPEN,2,1,0,0,0,0,0,3
2025,777973,686799,STARTER,17,4,1,0,4,0,4,23
2025,777973,593576,BULLPEN,1,0,0,0,0,0,1,1
2025,777973,820862,BULLPEN,3,1,0,0,0,0,2,4
2025,777973,666171,BULLPEN,3,0,0,0,0,0,0,3
2025,777973,656271,BULLPEN,3,1,1,1,0,0,0,4
2025,777961,542881,STARTER,15,4,1,0,2,0,5,22
2025,777961,641401,BULLPEN,2,2,4,1,2,0,1,6
2025,777961,641312,BULLPEN,10,2,0,0,1,0,3,13
2025,777947,579328,STARTER,18,7,2,1,2,0,4,26
2025,777947,820862,BULLPEN,3,1,0,0,0,0,0,4
2025,777947,656271,BULLPEN,3,1,1,0,0,0,0,4
2025,777947,445276,BULLPEN,3,0,0,0,0,0,2,3
2025,777932,667755,STARTER,21,4,0,0,3,0,5,27
2025,777932,666171,BULLPEN,2,1,2,0,3,0,1,6
2025,777932,593576,BULLPEN,1,0,0,0,1,0,1,2
2025,777932,445276,BULLPEN,0,1,2,1,1,0,0,2
2025,777914,543294,STARTER,18,5,3,1,1,0,4,24
2025,777914,672282,BULLPEN,3,1,0,0,1,0,2,5
2025,777914,820862,BULLPEN,2,1,0,0,2,0,2,6
2025,777914,656271,BULLPEN,1,0,0,0,1,0,0,2
2025,777899,686799,STARTER,20,5,1,0,4,0,5,25
2025,777899,593576,BULLPEN,1,0,0,0,0,0,1,1
2025,777899,666171,BULLPEN,3,1,1,1,1,0,0,4
2025,777899,445276,BULLPEN,3,1,0,0,0,0,1,4
2025,777884,542881,STARTER,15,7,4,2,0,1,4,23
2025,777884,593576,BULLPEN,0,1,3,0,2,0,0,3
2025,777884,672282,BULLPEN,6,3,1,0,2,0,2,10
2025,777884,666171,BULLPEN,2,3,1,0,1,0,1,6
2025,777884,445276,BULLPEN,4,1,0,0,0,0,0,5
2025,777866,579328,STARTER,17,3,1,0,4,0,7,24
2025,777866,656271,BULLPEN,2,1,2,0,0,1,1,4
2025,777866,641312,BULLPEN,8,1,1,1,0,0,3,9
2025,777853,667755,STARTER,18,6,3,0,4,1,4,28
2025,777853,666171,BULLPEN,3,0,0,0,1,1,0,4
2025,777853,593576,BULLPEN,3,0,0,0,0,0,1,3
2025,777853,445276,BULLPEN,3,1,0,0,0,0,1,4
2025,777843,543294,STARTER,17,9,4,2,0,1,3,26
2025,777843,672282,BULLPEN,3,1,0,0,0,0,1,4
2025,777843,519326,BULLPEN,3,0,0,0,0,0,0,3
2025,777843,656271,BULLPEN,1,0,0,0,0,0,0,1
2025,777843,445276,BULLPEN,3,2,1,0,0,0,2,5
2025,777828,686799,STARTER,12,7,4,2,5,0,6,25
2025,777828,656271,BULLPEN,2,1,0,0,0,0,1,3
2025,777828,641312,BULLPEN,4,3,1,1,1,0,0,7
2025,777828,593576,BULLPEN,3,0,0,0,0,0,0,3
2025,777828,666171,BULLPEN,3,1,0,0,0,0,1,4
2025,777828,641401,BULLPEN,3,0,0,0,0,0,0,3
2025,777812,542881,STARTER,14,7,5,1,6,0,0,26
2025,777812,519326,BULLPEN,4,1,0,0,2,0,0,6
2025,777812,672282,BULLPEN,3,1,0,0,1,0,1,4
2025,777812,666171,BULLPEN,3,1,0,0,1,0,1,4
2025,777812,641401,BULLPEN,3,0,0,0,0,0,2,3
2025,777798,579328,STARTER,17,7,0,0,4,0,4,26
2025,777798,519326,BULLPEN,1,0,0,0,0,0,0,1
2025,777798,641312,BULLPEN,4,6,4,1,0,0,1,10
2025,777798,593576,BULLPEN,2,1,0,0,0,0,2,3
2025,777798,445276,BULLPEN,3,0,0,0,2,0,1,5
2025,777781,667755,STARTER,14,7,3,0,3,0,1,23
2025,777781,656271,BULLPEN,4,1,0,0,0,0,1,6
2025,777781,702674,BULLPEN,9,3,3,1,4,0,4,15
2025,777767,543294,STARTER,18,7,3,0,0,0,5,25
2025,777767,641401,BULLPEN,3,1,0,0,0,0,1,3
2025,777767,671109,BULLPEN,6,0,0,0,1,0,2,7
2025,777763,686799,STARTER,20,5,4,0,2,1,5,28
2025,777763,656271,BULLPEN,1,0,0,0,0,0,0,1
2025,777763,641401,BULLPEN,3,1,0,0,1,0,1,6
2025,777763,519326,BULLPEN,3,0,0,0,0,0,1,3
2025,777745,542881,STARTER,18,5,1,1,1,0,3,25
2025,777745,593576,BULLPEN,3,1,1,1,1,0,2,5
2025,777745,672282,BULLPEN,3,0,0,0,1,0,1,3
2025,777745,671109,BULLPEN,3,0,0,0,2,0,1,5
2025,777728,579328,STARTER,15,4,1,0,5,0,4,23
2025,777728,596112,BULLPEN,3,0,0,0,0,0,2,3
2025,777728,666171,BULLPEN,3,1,0,0,0,0,2,4
2025,777728,672282,BULLPEN,3,1,0,0,0,0,3,4
2025,777728,656271,BULLPEN,3,1,0,0,0,0,2,4
2025,777721,667755,STARTER,18,4,0,0,4,0,2,23
2025,777721,596112,BULLPEN,0,0,0,0,0,0,0,0
2025,777721,672282,BULLPEN,3,0,0,0,0,0,2,3
2025,777721,666171,BULLPEN,3,1,0,0,1,0,1,5
2025,777721,445276,BULLPEN,3,1,1,0,2,0,0,6
2025,777703,543294,STARTER,17,7,4,2,2,1,6,28
2025,777703,593576,BULLPEN,1,0,0,0,0,0,0,1
2025,777703,666171,BULLPEN,2,3,3,1,1,0,0,6
2025,777703,641401,BULLPEN,4,1,0,0,0,0,0,5
2025,777683,686799,STARTER,11,5,4,1,3,1,4,19
2025,777683,641401,BULLPEN,1,0,0,0,0,0,0,1
2025,777683,519326,BULLPEN,6,0,0,0,2,0,0,9
2025,777683,656271,BULLPEN,6,1,0,0,0,0,3,7
2025,777670,542881,STARTER,13,7,5,0,2,0,5,22
2025,777670,519326,BULLPEN,2,1,0,0,0,0,1,3
2025,777670,672282,BULLPEN,3,2,0,0,1,0,0,6
2025,777670,666171,BULLPEN,3,0,0,0,0,0,2,3
2025,777670,593576,BULLPEN,3,1,1,1,0,0,1,4
2025,777670,445276,BULLPEN,3,0,0,0,0,0,1,3
2025,777667,579328,STARTER,15,8,3,1,5,0,5,26
2025,777667,656271,BULLPEN,3,1,0,0,0,0,0,3
2025,777667,641401,BULLPEN,3,0,0,0,0,0,2,3
2025,777667,593576,BULLPEN,3,1,0,0,0,0,0,3
2025,777667,445276,BULLPEN,3,0,0,0,2,0,1,5
2025,777667,672282,BULLPEN,3,0,0,0,0,0,2,3
2025,777649,667755,STARTER,11,8,7,0,3,1,3,22
2025,777649,519326,BULLPEN,4,0,0,0,0,0,0,4
2025,777649,691951,BULLPEN,7,1,0,0,1,1,2,10
2025,777649,656271,BULLPEN,3,3,2,1,1,0,1,7
2025,777614,543294,STARTER,18,8,4,0,2,0,2,27
2025,777614,666171,BULLPEN,3,0,0,0,0,0,0,3
2025,777614,672282,BULLPEN,3,0,0,0,1,0,2,4
2025,777614,445276,BULLPEN,3,0,0,0,0,0,1,3
2025,777603,686799,STARTER,10,9,4,1,1,0,4,18
2025,777603,641401,BULLPEN,5,0,0,0,1,0,2,6
2025,777603,593576,BULLPEN,1,2,1,0,1,0,0,4
2025,777603,656271,BULLPEN,2,0,0,0,0,0,0,2
2025,777603,672282,BULLPEN,3,1,0,0,0,0,2,4
2025,777603,666171,BULLPEN,3,1,0,0,0,0,0,4
2025,777603,445276,BULLPEN,3,1,1,1,0,0,0,4
2025,777589,542881,STARTER,14,8,3,0,1,1,6,25
2025,777589,519326,BULLPEN,7,2,0,0,0,0,1,9
2025,777589,820862,BULLPEN,5,1,0,0,0,0,3,6
2025,777589,656271,BULLPEN,1,0,0,0,0,0,1,1
2025,777576,579328,STARTER,22,1,0,0,1,0,5,24
2025,777576,641401,BULLPEN,0,2,2,1,1,0,0,3
2025,777576,666171,BULLPEN,2,0,0,0,0,0,0,2
2025,777576,641312,BULLPEN,2,2,2,1,0,0,0,4
2025,777576,445276,BULLPEN,1,0,0,0,0,0,0,1
2025,777564,667755,STARTER,21,2,1,0,2,0,12,25
2025,777564,519326,BULLPEN,3,1,0,0,0,0,0,4
2025,777564,445276,BULLPEN,3,1,0,0,0,0,0,4
2025,777564,672282,BULLPEN,3,0,0,0,0,0,2,3
2025,777542,543294,STARTER,18,7,2,1,1,0,3,25
2025,777542,666171,BULLPEN,2,2,2,1,1,0,1,5
2025,777542,656271,BULLPEN,1,0,0,0,1,0,1,2
2025,777542,641401,BULLPEN,3,1,0,0,0,0,0,4
2025,777542,672282,BULLPEN,3,0,0,0,0,0,2,3
2025,777539,686799,STARTER,13,4,2,2,0,0,2,16
2025,777539,641401,BULLPEN,2,0,0,0,0,0,0,3
2025,777539,656271,BULLPEN,2,1,0,0,3,0,0,5
2025,777539,519326,BULLPEN,4,0,0,0,0,0,2,4
2025,777539,593576,BULLPEN,3,1,0,0,0,0,2,4
2025,777519,542881,STARTER,15,9,6,2,2,0,4,25
2025,777519,519326,BULLPEN,3,1,0,0,0,0,1,4
2025,777519,696147,BULLPEN,3,0,0,0,0,0,0,3
2025,777519,593576,BULLPEN,3,1,0,0,0,1,1,5
2025,777501,579328,STARTER,17,7,3,1,2,0,10,25
2025,777501,641401,BULLPEN,4,3,4,1,1,0,1,8
2025,777501,445276,BULLPEN,3,2,2,1,0,0,3,5
2025,777487,667755,STARTER,21,6,0,0,1,0,6,27
2025,777487,672282,BULLPEN,3,0,0,0,1,0,1,4
2025,777487,445276,BULLPEN,3,1,0,0,0,0,2,4
2025,777487,666171,BULLPEN,3,0,0,0,0,0,1,3
2025,777487,656271,BULLPEN,2,1,0,0,1,0,0,4
2025,777487,519326,BULLPEN,1,0,0,0,0,0,0,1
2025,777476,543294,STARTER,18,4,0,0,1,0,9,23
2025,777476,666171,BULLPEN,3,0,0,0,0,0,0,3
2025,777476,672282,BULLPEN,3,0,0,0,0,0,2,3
2025,777476,519326,BULLPEN,3,0,0,0,1,0,1,4
2025,777466,686799,STARTER,16,2,2,2,3,0,8,20
2025,777466,656271,BULLPEN,3,1,0,0,0,0,0,3
2025,777466,593576,BULLPEN,2,0,0,0,0,0,1,2
2025,777466,666171,BULLPEN,1,0,0,0,1,1,0,3
2025,777466,641401,BULLPEN,2,0,0,0,0,0,0,2
2025,777466,445276,BULLPEN,3,0,0,0,0,0,1,4
2025,777449,542881,STARTER,18,8,4,2,2,0,4,25
2025,777449,696147,BULLPEN,3,2,1,0,0,0,1,4
2025,777449,593576,BULLPEN,0,1,2,0,1,0,0,2
2025,777449,656271,BULLPEN,3,1,0,0,0,0,1,4
2025,777428,579328,STARTER,21,6,2,2,0,0,9,26
2025,777428,672282,BULLPEN,3,0,0,0,2,0,1,5
2025,777428,445276,BULLPEN,3,2,0,0,0,0,0,5
2025,777428,519326,BULLPEN,3,1,0,0,1,0,1,4
2025,777414,667755,STARTER,20,3,1,0,3,0,10,26
2025,777414,593576,BULLPEN,1,0,0,0,0,0,1,1
2025,777414,696147,BULLPEN,6,0,0,0,1,0,2,7
2025,777397,543294,STARTER,15,8,3,2,1,0,2,25
2025,777397,519326,BULLPEN,3,3,3,1,2,0,1,7
2025,777397,641401,BULLPEN,6,0,0,0,1,0,2,7
2025,777397,656271,BULLPEN,3,2,0,0,0,0,2,5
2025,777381,686799,STARTER,15,6,4,0,2,1,1,21
2025,777381,666171,BULLPEN,3,1,1,1,0,0,3,4
2025,777381,656271,BULLPEN,1,2,0,0,0,0,0,3
2025,777381,672282,BULLPEN,2,0,0,0,1,0,2,3
2025,777381,696147,BULLPEN,3,0,0,0,0,0,2,3
2025,777381,445276,BULLPEN,0,0,0,0,0,0,0,0
2025,777381,593576,BULLPEN,3,0,0,0,0,0,2,3
2025,777376,542881,STARTER,14,2,1,0,2,0,5,18
2025,777376,641401,BULLPEN,4,0,0,0,0,0,1,4
2025,777376,519326,BULLPEN,3,1,0,0,0,0,1,4
2025,777376,696147,BULLPEN,3,0,0,0,0,0,1,3
2025,777376,445276,BULLPEN,3,0,0,0,1,0,0,5
2025,777376,672282,BULLPEN,3,2,0,0,0,0,1,4
2025,777362,579328,STARTER,21,3,0,0,1,0,12,26
2025,777362,666171,BULLPEN,6,0,0,0,1,0,2,7
2025,777331,667755,STARTER,12,9,8,1,2,0,4,22
2025,777331,641401,BULLPEN,4,2,1,0,0,0,2,5
2025,777331,656271,BULLPEN,2,2,0,0,0,0,1,4
2025,777331,696147,BULLPEN,3,1,1,0,1,0,1,5
2025,777331,593576,BULLPEN,3,1,0,0,1,0,0,5
2025,777331,519326,BULLPEN,3,4,4,0,2,0,0,9
2025,777315,543294,STARTER,15,5,1,1,0,0,5,20
2025,777315,820862,BULLPEN,3,0,0,0,0,0,1,3
2025,777315,666171,BULLPEN,3,1,1,0,1,0,1,5
2025,777315,672282,BULLPEN,3,2,0,0,1,0,0,5
2025,777315,696147,BULLPEN,3,1,0,0,0,0,0,4
2025,777305,686799,STARTER,12,5,2,0,2,0,2,18
2025,777305,820862,BULLPEN,3,0,0,0,1,0,0,3
2025,777305,656271,BULLPEN,3,0,0,0,0,0,1,3
2025,777305,666171,BULLPEN,2,1,1,0,1,0,0,4
2025,777305,672282,BULLPEN,4,0,0,0,1,0,3,5
2025,777305,445276,BULLPEN,3,1,0,0,1,0,1,6
2025,777305,641401,BULLPEN,6,3,2,0,2,0,0,10
2025,777298,542881,STARTER,18,4,0,0,2,0,7,24
2025,777298,820862,BULLPEN,3,1,0,0,0,0,2,4
2025,777298,672282,BULLPEN,3,1,0,0,0,0,0,4
2025,777298,445276,BULLPEN,3,1,0,0,0,0,2,4
2025,777279,579328,STARTER,17,6,2,0,2,0,7,24
2025,777279,666171,BULLPEN,0,4,5,2,2,0,0,6
2025,777279,519326,BULLPEN,7,2,1,1,0,0,3,9
2025,777261,667755,STARTER,21,3,0,0,2,0,7,26
2025,777261,696147,BULLPEN,3,1,0,0,0,0,2,4
2025,777261,656271,BULLPEN,3,1,1,1,0,0,2,4
2025,777242,543294,STARTER,16,4,3,0,0,0,2,20
2025,777242,820862,BULLPEN,2,1,0,0,0,0,0,3
2025,777242,656271,BULLPEN,3,0,0,0,0,0,1,3
2025,777242,672282,BULLPEN,3,0,0,0,0,0,2,3
2025,777242,445276,BULLPEN,3,0,0,0,0,0,2,3
2025,777242,696147,BULLPEN,0,0,0,0,1,0,0,2
2025,777231,686799,STARTER,16,6,3,1,2,0,1,24
2025,777231,641401,BULLPEN,2,1,0,0,0,0,1,3
2025,777231,820862,BULLPEN,3,2,0,0,1,0,0,6
2025,777231,672282,BULLPEN,3,2,0,0,0,0,1,5
2025,777231,445276,BULLPEN,3,0,0,0,0,0,3,3
2025,777231,666171,BULLPEN,5,2,0,0,2,0,2,9
2025,777214,542881,STARTER,15,8,3,1,2,0,2,24
2025,777214,656271,BULLPEN,3,0,0,0,0,0,0,2
2025,777214,519326,BULLPEN,3,0,0,0,0,0,1,3
2025,777214,641401,BULLPEN,3,0,0,0,0,0,2,3
2025,777200,579328,STARTER,15,6,4,1,2,0,4,23
2025,777200,682989,BULLPEN,3,0,0,0,1,1,2,5
2025,777200,672282,BULLPEN,3,1,0,0,0,0,0,3
2025,777200,696147,BULLPEN,2,1,1,0,0,0,1,4
2025,777200,656271,BULLPEN,1,0,0,0,0,0,0,1
2025,777200,445276,BULLPEN,3,0,0,0,0,0,1,3
2025,777180,667755,STARTER,12,3,5,0,5,0,4,19
2025,777180,691951,BULLPEN,6,5,5,1,4,0,2,15
2025,777180,621028,BULLPEN,9,4,3,2,0,0,0,13
2025,777171,543294,STARTER,11,6,4,1,1,0,3,19
2025,777171,656271,BULLPEN,1,0,0,0,0,0,0,1
2025,777171,666171,BULLPEN,3,0,0,0,1,0,0,3
2025,777171,696147,BULLPEN,2,2,1,0,0,0,0,4
2025,777171,672282,BULLPEN,3,1,2,1,0,1,0,5
2025,777171,641401,BULLPEN,1,0,0,0,0,0,1,1
2025,777171,820862,BULLPEN,3,0,0,0,0,0,0,3
2025,777171,445276,BULLPEN,3,1,0,0,0,0,1,4
2025,777159,686799,STARTER,8,8,8,0,3,0,3,18
2025,777159,608334,BULLPEN,16,5,3,1,3,0,5,24
2025,777159,621028,BULLPEN,3,0,0,0,0,0,0,3
2025,777150,542881,STARTER,15,8,4,1,2,0,3,25
2025,777150,656271,BULLPEN,3,0,0,0,0,0,0,3
2025,777150,820862,BULLPEN,3,0,0,0,0,0,2,3
2025,777150,672282,BULLPEN,3,2,1,1,0,0,1,5
2025,777150,445276,BULLPEN,3,1,0,0,0,0,0,3
2025,777131,579328,STARTER,17,6,3,2,1,0,5,24
2025,777131,666171,BULLPEN,1,0,0,0,0,0,0,1
2025,777131,672282,BULLPEN,3,0,0,0,0,0,1,3
2025,777131,820862,BULLPEN,1,1,2,0,2,0,1,4
2025,777131,696147,BULLPEN,2,1,0,0,1,0,1,4
2025,777131,641401,BULLPEN,3,0,0,0,0,0,0,3
2025,777115,667755,STARTER,15,5,1,0,3,1,3,25
2025,777115,671109,BULLPEN,12,2,0,0,1,0,4,15
2025,777106,666171,STARTER,3,1,1,1,0,0,2,4
2025,777106,671109,BULLPEN,9,4,3,1,3,0,0,15
2025,777106,656271,BULLPEN,4,1,0,0,0,0,2,5
2025,777106,696147,BULLPEN,2,0,0,0,0,0,0,2
2025,777106,672282,BULLPEN,3,0,0,0,0,0,2,3
2025,777106,820862,BULLPEN,3,1,1,1,0,0,1,4
2025,777106,445276,BULLPEN,3,0,0,0,0,0,0,3
2025,777089,579328,STARTER,15,5,2,0,3,0,8,22
2025,777089,696147,BULLPEN,1,1,3,0,1,1,1,4
2025,777089,820862,BULLPEN,1,1,2,1,2,0,0,4
2025,777089,641401,BULLPEN,4,1,0,0,0,0,2,5
2025,777089,608334,BULLPEN,3,1,2,1,1,0,0,5
2025,777078,667755,STARTER,21,6,2,1,2,0,5,28
2025,777078,656271,BULLPEN,3,0,0,0,0,0,1,3
2025,777078,608334,BULLPEN,3,0,0,0,0,0,0,3
2025,777061,542881,STARTER,18,4,4,1,5,0,4,27
2025,777061,672282,BULLPEN,3,1,1,0,0,1,1,5
2025,777061,820862,BULLPEN,1,1,0,0,1,0,0,3
2025,777061,656271,BULLPEN,2,0,0,0,0,0,0,3
2025,777054,543294,STARTER,14,5,3,1,1,0,2,19
2025,777054,641401,BULLPEN,4,0,0,0,2,0,1,6
2025,777054,666171,BULLPEN,3,0,0,0,1,0,3,6
2025,777054,608334,BULLPEN,3,0,0,0,1,0,1,4
2025,777034,656271,STARTER,3,1,1,1,0,0,1,4
2025,777034,696147,BULLPEN,3,2,0,0,0,0,0,4
2025,777034,671109,BULLPEN,18,7,5,1,1,1,7,27
2025,777018,579328,STARTER,14,7,3,2,2,0,4,23
2025,777018,641401,BULLPEN,1,0,0,0,0,0,0,1
2025,777018,650671,BULLPEN,3,0,0,0,1,0,3,5
2025,777018,696147,BULLPEN,3,0,0,0,0,0,1,3
2025,777018,820862,BULLPEN,3,1,1,1,0,0,2,4
2025,777018,608334,BULLPEN,3,0,0,0,0,0,1,3
2025,777006,667755,STARTER,18,4,2,2,1,1,5,24
2025,777006,656271,BULLPEN,3,1,0,0,0,0,0,4
2025,777006,672282,BULLPEN,3,1,0,0,0,0,3,4
2025,777006,445276,BULLPEN,3,0,0,0,0,0,0,3
2025,777006,666171,BULLPEN,3,0,0,0,1,0,1,4
2025,776995,542881,STARTER,14,6,2,2,0,0,1,19
2025,776995,696147,BULLPEN,1,0,0,0,0,0,0,1
2025,776995,820862,BULLPEN,0,1,3,1,2,0,0,3
2025,776995,641401,BULLPEN,3,2,1,0,1,0,1,6
2025,776995,608334,BULLPEN,9,2,1,0,0,0,4,11
2025,776977,543294,STARTER,18,2,1,1,1,0,3,21
2025,776977,672282,BULLPEN,3,0,0,0,0,0,1,3
2025,776977,656271,BULLPEN,3,0,0,0,1,0,1,4
2025,776977,445276,BULLPEN,3,0,0,0,0,0,2,3
2025,776958,686799,STARTER,14,1,0,0,6,0,3,22
2025,776958,641401,BULLPEN,4,2,1,1,0,0,1,5
2025,776958,650671,BULLPEN,1,1,0,0,1,0,0,3
2025,776958,666171,BULLPEN,4,2,1,0,0,0,3,6
2025,776958,445276,BULLPEN,4,0,0,0,0,0,1,4
2025,776945,579328,STARTER,16,10,3,1,0,1,5,26
2025,776945,656271,BULLPEN,2,1,0,0,0,0,0,2
2025,776945,672282,BULLPEN,3,1,0,0,0,0,2,4
2025,776945,641401,BULLPEN,3,1,1,1,0,0,0,4
2025,776945,445276,BULLPEN,3,1,0,0,0,0,1,4
2025,776932,667755,STARTER,21,5,1,0,2,0,7,27
2025,776932,672282,BULLPEN,2,2,3,1,0,0,2,5
2025,776932,696147,BULLPEN,0,3,1,0,1,0,0,4
2025,776932,608334,BULLPEN,4,1,0,0,0,0,1,5
2025,776916,542881,STARTER,18,5,4,3,2,0,5,26
2025,776916,605177,BULLPEN,3,2,0,0,0,0,0,5
2025,776916,472610,BULLPEN,3,2,1,0,0,0,1,4
2025,776916,641401,BULLPEN,3,2,1,1,0,0,1,5
2025,776898,543294,STARTER,15,4,1,0,2,0,2,19
2025,776898,666171,BULLPEN,3,0,0,0,0,0,1,3
2025,776898,656271,BULLPEN,3,1,0,0,1,0,1,5
2025,776898,672282,BULLPEN,3,1,0,0,0,0,1,3
2025,776898,608334,BULLPEN,3,0,0,0,0,0,2,3
2025,776885,686799,STARTER,18,9,5,1,2,0,2,27
2025,776885,605177,BULLPEN,3,0,0,0,1,0,1,3
2025,776885,672282,BULLPEN,3,0,0,0,0,0,1,3
2025,776885,445276,BULLPEN,3,1,0,0,1,0,0,5
2025,776867,579328,STARTER,18,4,1,0,2,0,7,24
2025,776867,656271,BULLPEN,3,1,0,0,0,0,1,4
2025,776867,666171,BULLPEN,3,0,0,0,1,0,2,4
2025,776867,641401,BULLPEN,3,0,0,0,1,0,2,4
2025,776848,667755,STARTER,12,7,7,1,1,0,4,21
2025,776848,472610,BULLPEN,3,0,0,0,0,0,1,3
2025,776848,605177,BULLPEN,3,0,0,0,0,0,1,3
2025,776848,608334,BULLPEN,9,1,0,0,1,0,5,11
2025,776843,542881,STARTER,12,5,4,3,1,0,5,18
2025,776843,641401,BULLPEN,3,0,0,0,0,0,0,3
2025,776843,656271,BULLPEN,3,1,0,0,0,0,2,4
2025,776843,666171,BULLPEN,3,1,1,1,0,0,2,4
2025,776843,672282,BULLPEN,3,1,0,0,0,0,1,4
2025,776843,445276,BULLPEN,3,0,0,0,1,0,1,4
2025,776832,543294,STARTER,15,5,3,1,0,0,6,20
2025,776832,656271,BULLPEN,4,0,0,0,0,0,0,4
2025,776832,472610,BULLPEN,2,1,0,0,0,0,1,3
2025,776832,672282,BULLPEN,1,1,3,1,2,0,1,4
2025,776832,605177,BULLPEN,2,0,0,0,1,0,1,2
2025,776813,579328,STARTER,15,8,4,0,2,0,7,24
2025,776813,666171,BULLPEN,3,1,0,0,1,0,2,5
2025,776813,656271,BULLPEN,3,0,0,0,1,0,1,4
2025,776813,472610,BULLPEN,3,0,0,0,0,0,2,3
2025,776813,445276,BULLPEN,3,0,0,0,0,0,2,3
2025,776806,686799,STARTER,9,9,6,1,2,0,1,21
2025,776806,608334,BULLPEN,15,1,2,1,4,0,3,19
2025,776779,667755,STARTER,18,2,0,0,2,0,6,21
2025,776779,472610,BULLPEN,3,1,0,0,2,0,0,5
2025,776779,641312,BULLPEN,2,4,4,2,0,0,1,6
2025,776779,641401,BULLPEN,1,0,0,0,0,0,1,1
2025,776779,445276,BULLPEN,3,0,0,0,0,0,2,3
2025,776763,682989,STARTER,12,3,3,1,3,1,3,17
2025,776763,605177,BULLPEN,2,3,2,0,1,0,0,6
2025,776763,666171,BULLPEN,1,0,0,0,1,0,1,2
2025,776763,656271,BULLPEN,3,2,0,0,0,0,0,3
2025,776763,472610,BULLPEN,3,1,0,0,0,0,1,4
2025,776763,672282,BULLPEN,3,1,0,0,0,0,2,4
2025,776763,445276,BULLPEN,3,1,1,1,0,0,1,4
2025,776763,641401,BULLPEN,3,0,0,0,0,0,1,3
2025,776752,543294,STARTER,10,6,5,1,3,0,4,19
2025,776752,666171,BULLPEN,4,1,0,0,1,0,2,6
2025,776752,605177,BULLPEN,4,0,0,0,1,0,2,5
2025,776752,672282,BULLPEN,3,0,0,0,1,0,1,4
2025,776752,656271,BULLPEN,3,0,0,0,0,0,2,3
2025,776752,445276,BULLPEN,3,0,0,0,0,0,0,3
2025,776734,579328,STARTER,12,5,4,2,3,0,3,20
2025,776734,641401,BULLPEN,2,3,2,0,1,0,1,6
2025,776734,608334,BULLPEN,10,6,4,1,0,0,2,16
2025,776718,542881,STARTER,12,3,4,1,5,0,1,19
2025,776718,666171,BULLPEN,6,2,1,1,1,0,3,9
2025,776718,472610,BULLPEN,3,1,0,0,0,0,1,4
2025,776718,641401,BULLPEN,2,2,2,0,2,0,1,6
2025,776718,605177,BULLPEN,1,0,0,0,0,0,0,1
2025,776699,667755,STARTER,17,8,5,3,1,0,5,26
2025,776699,656271,BULLPEN,1,1,0,0,0,0,0,1
2025,776699,672282,BULLPEN,5,0,0,0,1,0,2,5
2025,776699,472610,BULLPEN,1,1,0,0,1,0,0,3
2025,776699,445276,BULLPEN,3,1,0,0,2,0,2,6
2025,776699,820862,BULLPEN,3,0,0,0,0,0,0,3
2025,776681,682989,STARTER,15,9,3,1,3,0,3,27
2025,776681,605177,BULLPEN,3,0,0,0,0,0,1,3
2025,776681,820862,BULLPEN,3,1,0,0,0,0,2,4
2025,776681,608334,BULLPEN,6,1,1,0,0,0,2,7
2025,776668,543294,STARTER,18,8,4,1,3,0,3,26
2025,776668,605177,BULLPEN,3,1,0,0,0,0,0,3
2025,776668,666171,BULLPEN,3,0,0,0,0,0,2,3
2025,776668,445276,BULLPEN,3,2,2,0,1,1,1,6
2025,776652,579328,STARTER,21,7,1,0,0,0,4,26
2025,776652,672282,BULLPEN,3,0,0,0,1,0,2,4
2025,776652,472610,BULLPEN,3,0,0,0,0,0,1,3
2025,776640,542881,STARTER,15,3,2,1,2,0,5,20
2025,776640,820862,BULLPEN,2,0,0,0,2,0,2,4
2025,776640,605177,BULLPEN,1,0,0,0,0,0,1,1
2025,776640,596112,BULLPEN,3,0,0,0,0,0,0,3
2025,776640,672282,BULLPEN,3,1,0,0,0,0,2,4
2025,776640,445276,BULLPEN,3,1,1,1,0,0,0,4
2025,776618,682989,STARTER,12,4,6,2,2,1,4,19
2025,776618,666171,BULLPEN,3,1,0,0,0,0,1,4
2025,776618,608334,BULLPEN,4,7,6,1,1,0,0,12
2025,776618,472610,BULLPEN,2,0,0,0,0,0,1,2
2025,776618,672724,BULLPEN,6,2,0,0,0,0,0,7
2025,776605,543294,STARTER,13,5,4,0,3,0,2,21
2025,776605,605177,BULLPEN,2,1,0,0,0,0,1,3
2025,776605,681217,BULLPEN,3,2,0,0,1,0,1,6
2025,776605,656271,BULLPEN,3,0,0,0,0,0,0,3
2025,776605,666171,BULLPEN,3,0,0,0,0,0,1,3
2025,776605,820862,BULLPEN,3,0,0,0,1,0,0,4
2025,776592,667755,STARTER,17,4,0,0,1,0,6,20
2025,776592,672282,BULLPEN,3,1,0,0,0,0,1,4
2025,776592,472610,BULLPEN,1,0,0,0,0,0,1,1
2025,776592,656271,BULLPEN,3,0,0,0,0,1,2,4
2025,776592,445276,BULLPEN,3,0,0,0,0,0,0,3
2025,776575,579328,STARTER,12,4,6,2,3,0,3,19
2025,776575,681217,BULLPEN,3,1,0,0,1,0,2,5
2025,776575,696147,BULLPEN,6,2,1,1,0,0,1,7
2025,776575,666171,BULLPEN,3,0,0,0,0,0,1,3
2025,776563,686799,STARTER,10,9,10,3,3,1,1,24
2025,776563,605177,BULLPEN,2,1,0,0,0,0,2,3
2025,776563,596112,BULLPEN,3,2,1,0,0,0,0,5
2025,776563,820862,BULLPEN,3,0,0,0,0,0,2,3
2025,776563,672724,BULLPEN,1,7,8,1,0,1,0,9
2025,776563,694359,BULLPEN,5,3,0,0,1,0,1,9
2025,776543,542881,STARTER,15,5,0,0,3,0,1,22
2025,776543,596112,BULLPEN,3,1,0,0,1,0,1,5
2025,776543,472610,BULLPEN,3,2,0,0,1,0,1,7
2025,776543,666171,BULLPEN,3,1,1,0,1,0,0,5
2025,776531,543294,STARTER,18,7,1,0,0,1,2,25
2025,776531,672282,BULLPEN,3,0,0,0,1,0,1,3
2025,776531,820862,BULLPEN,3,0,0,0,0,0,2,3
2025,776531,445276,BULLPEN,3,0,0,0,1,0,0,4
2025,776510,667755,STARTER,21,1,0,0,3,0,8,24
2025,776510,472610,BULLPEN,3,1,0,0,0,0,2,4
2025,776510,445276,BULLPEN,3,0,0,0,0,0,0,3
2025,776499,579328,STARTER,17,8,5,1,2,0,6,26
2025,776499,681217,BULLPEN,1,1,0,0,2,0,0,4
2025,776499,666171,BULLPEN,3,0,0,0,1,0,2,4
2025,776499,656271,BULLPEN,3,3,3,1,0,0,1,6
2025,776488,815083,STARTER,15,3,1,0,2,0,3,19
2025,776488,820862,BULLPEN,3,0,0,0,1,0,0,3
2025,776488,672282,BULLPEN,3,1,0,0,0,0,0,4
2025,776488,472610,BULLPEN,3,0,0,0,0,0,0,3
2025,776488,445276,BULLPEN,3,0,0,0,1,0,2,4
2025,776466,702674,STARTER,15,2,1,0,1,1,4,18
2025,776466,656271,BULLPEN,3,0,0,0,0,0,0,3
2025,776466,596112,BULLPEN,3,2,1,0,0,0,0,5
2025,776466,605177,BULLPEN,3,0,0,0,1,0,2,4
2025,776466,672282,BULLPEN,3,0,0,0,0,0,2,3
2025,776463,543294,STARTER,18,3,2,2,3,0,0,22
2025,776463,820862,BULLPEN,3,1,1,1,0,0,2,4
2025,776463,666171,BULLPEN,3,1,1,1,0,0,1,4
2025,776444,667755,STARTER,7,5,8,1,5,0,4,17
2025,776444,666171,BULLPEN,2,1,1,0,2,1,1,6
2025,776444,570632,BULLPEN,15,2,0,0,0,0,6,18
2025,776444,605177,BULLPEN,3,1,1,1,1,0,2,5
2025,776430,579328,STARTER,6,6,7,1,3,1,1,16
2025,776430,681217,BULLPEN,5,2,1,1,1,0,3,8
2025,776430,820862,BULLPEN,3,0,0,0,2,0,1,5
2025,776430,656271,BULLPEN,4,1,0,0,0,0,2,6
2025,776430,596112,BULLPEN,3,0,0,0,0,0,0,3
2025,776430,664068,BULLPEN,6,12,8,2,0,0,1,18
2025,776414,815083,STARTER,18,3,2,2,1,0,4,22
2025,776414,472610,BULLPEN,3,1,0,0,1,0,0,4
2025,776414,672282,BULLPEN,3,2,1,0,0,0,0,5
2025,776414,445276,BULLPEN,3,0,0,0,0,0,0,3
2025,776411,702674,STARTER,14,5,5,2,5,0,9,24
2025,776411,820862,BULLPEN,1,0,0,0,0,0,0,2
2025,776411,596112,BULLPEN,2,1,1,1,1,1,0,6
2025,776411,671111,BULLPEN,10,7,4,0,0,0,4,17
2025,776390,543294,STARTER,21,4,0,0,1,0,6,25
2025,776390,605177,BULLPEN,3,0,0,0,0,0,2,3
2025,776390,656271,BULLPEN,3,2,2,1,0,0,1,6
2025,776376,570632,STARTER,12,4,1,1,4,1,3,20
2025,776376,605177,BULLPEN,3,0,0,0,1,0,2,5
2025,776376,820862,BULLPEN,3,1,2,1,1,0,1,5
2025,776376,472610,BULLPEN,3,0,0,0,0,0,2,3
2025,776376,672282,BULLPEN,2,1,0,0,0,0,0,3
2025,776376,596112,BULLPEN,1,0,0,0,1,0,1,2
2025,776376,445276,BULLPEN,3,0,0,0,0,0,2,3
2025,776362,667755,STARTER,12,5,3,0,3,1,4,22
2025,776362,681217,BULLPEN,3,1,0,0,0,0,0,4
2025,776362,472610,BULLPEN,3,0,0,0,0,0,2,3
2025,776362,656271,BULLPEN,3,0,0,0,0,0,0,3
2025,776362,820862,BULLPEN,3,0,0,0,0,0,1,3
2025,776362,445276,BULLPEN,3,0,0,0,1,0,0,4
2025,776362,596112,BULLPEN,3,0,0,0,0,0,2,4
2025,776362,671111,BULLPEN,4,3,1,0,3,0,1,10
2025,776345,579328,STARTER,18,4,1,0,1,0,3,22
2025,776345,641401,BULLPEN,6,2,1,1,1,0,4,9
2025,776333,815083,STARTER,12,5,5,1,4,1,7,22
2025,776333,681217,BULLPEN,3,1,0,0,0,0,1,3
2025,776333,671111,BULLPEN,9,0,0,0,0,0,2,9
2025,776317,543294,STARTER,10,10,9,1,2,0,6,22
2025,776317,641401,BULLPEN,2,3,2,0,1,0,1,6
2025,776317,570632,BULLPEN,9,3,0,0,1,0,1,12
2025,776317,669722,BULLPEN,3,0,0,0,0,0,1,3
2025,776295,702674,STARTER,11,8,5,1,3,0,4,21
2025,776295,681217,BULLPEN,4,0,0,0,0,0,2,4
2025,776295,820862,BULLPEN,3,1,0,0,0,0,1,4
2025,776295,671111,BULLPEN,6,4,4,0,3,0,0,13
2025,776291,667755,STARTER,4,2,3,0,2,0,0,7
2025,776291,641401,BULLPEN,8,2,2,1,0,0,3,10
2025,776291,596112,BULLPEN,3,0,0,0,0,0,2,3
2025,776291,570632,BULLPEN,9,2,3,0,4,0,3,16
2025,776274,579328,STARTER,17,5,2,0,3,0,2,24
2025,776274,820862,BULLPEN,1,1,0,0,1,0,0,3
2025,776274,472610,BULLPEN,3,3,3,0,1,0,0,7
2025,776274,445276,BULLPEN,3,0,0,0,0,0,0,3
2025,776253,815083,STARTER,13,8,6,0,2,0,5,23
2025,776253,681217,BULLPEN,5,1,0,0,1,0,1,7
2025,776253,596112,BULLPEN,3,1,0,0,0,0,2,3
2025,776253,656271,BULLPEN,3,0,0,0,0,0,1,3
2025,776241,543294,STARTER,21,3,0,0,0,0,5,24
2025,776241,820862,BULLPEN,3,0,0,0,0,0,1,3
2025,776241,472610,BULLPEN,3,2,0,0,1,0,0,5
2025,776232,702674,STARTER,18,3,2,1,3,0,5,23
2025,776232,641401,BULLPEN,3,1,0,0,0,0,3,4
2025,776232,696147,BULLPEN,3,0,1,0,2,0,1,5
2025,776207,691951,STARTER,14,7,3,0,2,1,3,23
2025,776207,666171,BULLPEN,1,0,0,0,0,0,0,1
2025,776207,696147,BULLPEN,3,1,0,0,1,0,2,5
2025,776207,656271,BULLPEN,3,3,2,0,0,0,2,5
2025,776207,570632,BULLPEN,6,4,3,0,1,0,0,11
2025,776197,579328,STARTER,15,1,1,1,1,0,6,18
2025,776197,820862,BULLPEN,3,0,0,0,0,0,0,3
2025,776197,681217,BULLPEN,3,1,1,0,0,1,1,5
2025,776197,472610,BULLPEN,3,0,0,0,1,0,0,3
2025,776197,445276,BULLPEN,3,0,0,0,0,0,2,3
2025,776178,815083,STARTER,15,5,4,1,2,0,5,21
2025,776178,641401,BULLPEN,6,0,0,0,0,0,3,6
2025,776178,666171,BULLPEN,3,2,1,0,1,1,0,7
2025,776178,696147,BULLPEN,3,4,4,0,1,0,1,8
2025,776169,543294,STARTER,15,5,2,1,0,0,8,22
2025,776169,681217,BULLPEN,3,0,0,0,0,0,2,3
2025,776169,820862,BULLPEN,3,0,0,0,1,0,0,4
2025,776169,656271,BULLPEN,3,1,0,0,0,0,0,4
2025,776169,445276,BULLPEN,3,0,0,0,0,0,3,3
2025,776155,702674,STARTER,21,5,5,3,1,0,5,26
2025,776155,570632,BULLPEN,6,2,1,1,0,0,1,8
2025,776135,691951,STARTER,14,7,4,2,3,2,5,25
2025,776135,641401,BULLPEN,4,3,2,2,0,0,2,6
2025,776135,666171,BULLPEN,3,1,0,0,1,0,1,5
2025,776135,696147,BULLPEN,3,0,0,0,0,0,0,4
2025,776135,671111,BULLPEN,3,0,0,0,0,0,1,3
2026_CUTOFF,824218,667755,STARTER,18,2,0,0,4,0,7,24
2026_CUTOFF,824218,700712,BULLPEN,2,1,0,0,1,0,1,4
2026_CUTOFF,824218,681217,BULLPEN,1,0,0,0,0,0,0,1
2026_CUTOFF,824218,519141,BULLPEN,3,0,0,0,0,0,0,3
2026_CUTOFF,824218,605447,BULLPEN,3,0,0,0,1,0,1,4
2026_CUTOFF,824216,579328,STARTER,13,8,2,1,1,0,3,22
2026_CUTOFF,824216,681217,BULLPEN,2,0,0,0,0,0,0,2
2026_CUTOFF,824216,666171,BULLPEN,6,0,0,0,0,0,2,6
2026_CUTOFF,824216,696147,BULLPEN,3,0,0,0,2,0,3,5
2026_CUTOFF,824216,605447,BULLPEN,3,0,0,0,0,0,2,3
2026_CUTOFF,824213,672282,STARTER,14,6,3,0,0,1,9,21
2026_CUTOFF,824213,700712,BULLPEN,3,4,0,0,2,0,1,11
2026_CUTOFF,824213,664192,BULLPEN,1,3,2,0,2,0,0,6
2026_CUTOFF,824213,608718,BULLPEN,6,0,0,0,1,0,2,6
2026_CUTOFF,824215,686799,STARTER,12,4,5,0,5,0,3,22
2026_CUTOFF,824215,681217,BULLPEN,3,1,0,0,0,0,1,4
2026_CUTOFF,824215,696147,BULLPEN,6,0,0,0,2,0,2,8
2026_CUTOFF,824215,519141,BULLPEN,3,2,3,0,2,1,0,8
2026_CUTOFF,824702,696270,STARTER,10,7,6,1,4,0,2,21
2026_CUTOFF,824702,664192,BULLPEN,5,1,0,0,1,0,2,7
2026_CUTOFF,824702,641312,BULLPEN,9,1,1,0,2,0,1,11
2026_CUTOFF,824699,667755,STARTER,18,2,0,0,2,0,4,21
2026_CUTOFF,824699,681217,BULLPEN,3,1,0,0,1,0,1,5
2026_CUTOFF,824699,519141,BULLPEN,4,1,0,0,0,0,2,5
2026_CUTOFF,824699,605447,BULLPEN,2,0,0,0,1,0,1,3
2026_CUTOFF,824698,579328,STARTER,16,6,5,0,4,0,5,26
2026_CUTOFF,824698,666171,BULLPEN,2,1,0,0,1,0,1,5
2026_CUTOFF,824698,608718,BULLPEN,6,3,0,0,0,0,4,9
2026_CUTOFF,824056,672282,STARTER,20,3,0,0,4,0,4,26
2026_CUTOFF,824056,681217,BULLPEN,1,0,0,0,0,0,1,1
2026_CUTOFF,824056,519141,BULLPEN,3,1,0,0,1,0,0,5
2026_CUTOFF,824056,605447,BULLPEN,3,0,0,0,0,0,2,3
2026_CUTOFF,824056,608718,BULLPEN,3,3,2,0,1,0,0,7
2026_CUTOFF,824054,686799,STARTER,17,4,0,0,2,0,7,23
2026_CUTOFF,824054,664192,BULLPEN,1,0,0,0,1,1,0,3
2026_CUTOFF,824054,681217,BULLPEN,3,0,0,0,0,0,2,3
2026_CUTOFF,824054,696147,BULLPEN,2,1,0,0,0,0,0,3
2026_CUTOFF,824054,519141,BULLPEN,1,0,0,0,0,0,0,1
2026_CUTOFF,824054,605447,BULLPEN,3,0,0,0,0,0,1,3
2026_CUTOFF,824053,691946,STARTER,8,3,2,0,5,0,4,16
2026_CUTOFF,824053,666171,BULLPEN,6,0,2,0,1,1,5,8
2026_CUTOFF,824053,608718,BULLPEN,7,1,1,1,1,0,3,8
2026_CUTOFF,824053,696147,BULLPEN,6,2,1,0,0,0,2,7
2026_CUTOFF,824053,641312,BULLPEN,6,1,0,0,1,1,1,8
2026_CUTOFF,824052,667755,STARTER,24,3,1,1,0,0,10,26
2026_CUTOFF,824052,681217,BULLPEN,2,2,1,1,1,0,1,5
2026_CUTOFF,824052,605447,BULLPEN,1,0,0,0,0,0,0,1
2026_CUTOFF,824051,579328,STARTER,15,6,4,0,1,0,8,22
2026_CUTOFF,824051,641312,BULLPEN,9,5,3,1,1,0,4,15
2026_CUTOFF,824051,815083,BULLPEN,3,1,0,0,1,0,0,4
2026_CUTOFF,824050,672282,STARTER,13,5,5,1,2,1,4,22
2026_CUTOFF,824050,666171,BULLPEN,5,2,2,0,2,0,2,9
2026_CUTOFF,824050,696147,BULLPEN,3,0,0,0,1,0,1,4
2026_CUTOFF,824050,608718,BULLPEN,6,1,0,0,1,0,2,7
2026_CUTOFF,824534,686799,STARTER,21,2,1,0,4,0,2,27
2026_CUTOFF,824534,815083,BULLPEN,6,2,1,1,1,0,2,9
2026_CUTOFF,824535,691946,STARTER,6,4,4,1,5,0,2,16
2026_CUTOFF,824535,608718,BULLPEN,11,2,0,0,0,0,2,12
2026_CUTOFF,824535,666171,BULLPEN,6,2,1,0,0,0,1,8
2026_CUTOFF,824535,681217,BULLPEN,1,0,1,0,4,0,1,5
2026_CUTOFF,824533,667755,STARTER,21,2,0,0,3,0,10,26
2026_CUTOFF,824533,696147,BULLPEN,2,2,3,0,3,0,1,7
2026_CUTOFF,824533,680704,BULLPEN,1,1,2,0,0,1,0,4
2026_CUTOFF,824533,519141,BULLPEN,3,1,1,1,0,0,1,3
2026_CUTOFF,823563,579328,STARTER,10,4,4,2,4,0,3,19
2026_CUTOFF,823563,641312,BULLPEN,7,4,4,2,1,0,1,12
2026_CUTOFF,823563,815083,BULLPEN,4,2,0,0,0,0,1,6
2026_CUTOFF,823563,519141,BULLPEN,3,1,0,0,0,0,2,4
2026_CUTOFF,823563,605447,BULLPEN,0,3,3,1,2,0,0,5
2026_CUTOFF,823562,672282,STARTER,21,4,1,0,0,0,9,25
2026_CUTOFF,823562,681217,BULLPEN,3,0,0,0,0,0,1,3
2026_CUTOFF,823562,666171,BULLPEN,3,1,0,0,0,0,2,4
2026_CUTOFF,823561,686799,STARTER,20,4,3,1,4,0,6,27
2026_CUTOFF,823561,519141,BULLPEN,4,0,0,0,0,0,0,4
2026_CUTOFF,823561,605447,BULLPEN,1,2,2,0,1,0,0,4
2026_CUTOFF,823560,608718,STARTER,6,3,1,1,2,0,2,10
2026_CUTOFF,823560,680704,BULLPEN,4,1,2,1,1,0,1,5
2026_CUTOFF,823560,691951,BULLPEN,5,2,1,1,1,0,2,8
2026_CUTOFF,823560,696147,BULLPEN,9,1,0,0,0,0,2,9
2026_CUTOFF,823560,681217,BULLPEN,3,1,0,0,0,0,1,4
2026_CUTOFF,824048,667755,STARTER,17,2,0,0,4,0,8,23
2026_CUTOFF,824048,681217,BULLPEN,1,0,0,0,0,0,0,1
2026_CUTOFF,824048,641312,BULLPEN,6,0,0,0,0,0,2,6
2026_CUTOFF,824048,605447,BULLPEN,3,1,0,0,0,0,3,4
2026_CUTOFF,824049,579328,STARTER,18,4,0,0,1,1,8,22
2026_CUTOFF,824049,666171,BULLPEN,3,3,2,0,2,0,0,7
2026_CUTOFF,824049,680704,BULLPEN,5,2,2,0,2,0,2,9
2026_CUTOFF,824049,641312,BULLPEN,1,0,0,0,0,0,0,1
2026_CUTOFF,824047,700712,STARTER,18,4,2,0,2,0,8,24
2026_CUTOFF,824047,696147,BULLPEN,6,1,0,0,0,0,3,7
2026_CUTOFF,824047,608718,BULLPEN,3,0,0,0,1,0,0,3
2026_CUTOFF,824046,672282,STARTER,18,5,4,1,2,1,5,26
2026_CUTOFF,824046,681217,BULLPEN,3,1,0,0,0,0,1,4
2026_CUTOFF,824046,641312,BULLPEN,6,2,1,0,1,0,0,8
2026_CUTOFF,824045,686799,STARTER,17,5,1,0,2,1,1,23
2026_CUTOFF,824045,696147,BULLPEN,4,0,0,0,0,0,1,4
2026_CUTOFF,824045,519141,BULLPEN,3,3,3,0,1,0,1,7
2026_CUTOFF,824045,680704,BULLPEN,3,0,0,0,0,0,1,3
2026_CUTOFF,824044,667755,STARTER,15,7,0,0,0,0,4,20
2026_CUTOFF,824044,666171,BULLPEN,4,1,2,0,1,0,1,6
2026_CUTOFF,824044,681217,BULLPEN,2,2,1,0,0,0,0,4
2026_CUTOFF,824044,608718,BULLPEN,3,0,0,0,0,0,2,3
2026_CUTOFF,824044,605447,BULLPEN,3,2,0,0,0,0,2,5
2026_CUTOFF,824124,579328,STARTER,15,5,5,0,2,0,5,22
2026_CUTOFF,824124,641312,BULLPEN,3,1,0,0,1,0,2,5
2026_CUTOFF,824124,666171,BULLPEN,3,0,0,0,0,0,2,3
2026_CUTOFF,824124,519141,BULLPEN,3,2,1,0,1,0,1,6
2026_CUTOFF,824121,700712,STARTER,11,6,4,1,5,0,3,21
2026_CUTOFF,824121,680704,BULLPEN,4,0,0,0,0,1,2,4
2026_CUTOFF,824121,681217,BULLPEN,3,2,1,0,2,0,0,6
2026_CUTOFF,824121,641312,BULLPEN,3,3,2,0,1,0,1,7
2026_CUTOFF,824121,605447,BULLPEN,2,3,4,0,1,1,0,7
2026_CUTOFF,824121,624428,BULLPEN,1,1,0,0,1,0,0,3
2026_CUTOFF,824122,672282,STARTER,15,5,3,1,1,0,5,21
2026_CUTOFF,824122,696147,BULLPEN,3,3,2,1,2,0,0,7
2026_CUTOFF,824122,666171,BULLPEN,5,0,0,0,1,0,1,6
2026_CUTOFF,824122,608718,BULLPEN,3,2,2,0,1,0,0,6
2026_CUTOFF,824122,519141,BULLPEN,1,1,1,1,0,0,0,2
2026_CUTOFF,824122,664192,BULLPEN,2,1,2,1,1,0,1,4
2026_CUTOFF,824609,686799,STARTER,18,5,2,0,1,0,5,25
2026_CUTOFF,824609,680704,BULLPEN,0,2,3,0,0,1,0,3
2026_CUTOFF,824609,519141,BULLPEN,3,2,2,2,0,0,2,5
2026_CUTOFF,824609,820862,BULLPEN,3,0,0,0,0,0,2,3
2026_CUTOFF,824610,667755,STARTER,15,6,3,2,3,0,6,23
2026_CUTOFF,824610,608718,BULLPEN,3,1,1,1,0,0,1,4
2026_CUTOFF,824610,664192,BULLPEN,1,2,1,0,1,0,1,4
2026_CUTOFF,824610,820862,BULLPEN,5,0,0,0,0,2,1,7
2026_CUTOFF,824608,579328,STARTER,6,2,0,0,1,0,1,9
2026_CUTOFF,824608,815083,BULLPEN,11,3,1,0,2,0,3,14
2026_CUTOFF,824608,681217,BULLPEN,2,0,0,0,2,0,0,4
2026_CUTOFF,824608,696147,BULLPEN,2,0,0,0,0,0,0,2
2026_CUTOFF,824608,666171,BULLPEN,6,1,1,0,0,1,4,8
2026_CUTOFF,824608,519141,BULLPEN,1,1,1,0,2,0,0,4
2026_CUTOFF,824041,700712,STARTER,15,2,1,0,3,0,4,19
2026_CUTOFF,824041,608718,BULLPEN,2,2,2,0,0,0,1,4
2026_CUTOFF,824041,681217,BULLPEN,1,1,0,0,0,0,0,2
2026_CUTOFF,824041,820862,BULLPEN,3,1,1,1,0,0,1,4
2026_CUTOFF,824041,680704,BULLPEN,6,1,0,0,1,0,0,6
2026_CUTOFF,824042,672282,STARTER,19,9,3,0,0,0,8,27
2026_CUTOFF,824042,696147,BULLPEN,5,0,0,0,0,0,3,5
2026_CUTOFF,824042,666171,BULLPEN,6,0,0,0,1,0,1,7
2026_CUTOFF,824043,686799,STARTER,19,5,2,1,3,1,6,28
2026_CUTOFF,824043,642048,BULLPEN,2,0,1,0,0,1,2,3
2026_CUTOFF,824043,680704,BULLPEN,3,2,2,1,1,0,0,6
2026_CUTOFF,824043,519141,BULLPEN,3,0,0,0,0,0,1,3
2026_CUTOFF,824039,667755,STARTER,12,8,5,2,3,0,5,23
2026_CUTOFF,824039,815083,BULLPEN,12,7,1,0,0,0,3,18
2026_CUTOFF,824039,608718,BULLPEN,3,1,0,0,0,0,1,4
2026_CUTOFF,824040,691951,STARTER,12,4,2,0,2,0,0,18
2026_CUTOFF,824040,820862,BULLPEN,3,1,0,0,0,0,2,4
2026_CUTOFF,824040,519141,BULLPEN,3,2,0,0,0,0,1,5
2026_CUTOFF,824040,696147,BULLPEN,5,1,1,1,0,0,3,7
2026_CUTOFF,824040,666171,BULLPEN,4,0,0,0,2,1,3,7
2026_CUTOFF,824036,700712,STARTER,18,2,1,0,3,0,5,22
2026_CUTOFF,824036,608718,BULLPEN,2,1,1,0,2,0,0,5
2026_CUTOFF,824036,519141,BULLPEN,1,0,0,0,0,1,1,2
2026_CUTOFF,824036,681217,BULLPEN,6,1,0,0,0,0,4,7
2026_CUTOFF,822822,672282,STARTER,11,2,2,0,6,0,3,20
2026_CUTOFF,822822,820862,BULLPEN,4,0,0,0,0,0,2,4
2026_CUTOFF,822822,608718,BULLPEN,3,0,0,0,0,0,2,3
2026_CUTOFF,822822,489446,BULLPEN,3,1,0,0,0,0,1,4
2026_CUTOFF,822822,666201,BULLPEN,3,0,0,0,0,0,1,3
2026_CUTOFF,822820,686799,STARTER,12,9,6,0,2,1,0,25
2026_CUTOFF,822820,815083,BULLPEN,9,6,3,2,0,0,2,15
2026_CUTOFF,822820,624428,BULLPEN,3,5,4,1,1,0,0,9
2026_CUTOFF,822819,667755,STARTER,23,5,1,0,1,0,7,29
2026_CUTOFF,822819,696147,BULLPEN,1,0,0,0,0,0,0,1
2026_CUTOFF,822819,666171,BULLPEN,3,0,0,0,0,0,2,3
2026_CUTOFF,824441,608718,STARTER,5,2,2,0,1,0,1,8
2026_CUTOFF,824441,820862,BULLPEN,2,1,3,0,3,0,0,6
2026_CUTOFF,824441,489446,BULLPEN,2,2,2,0,1,0,1,5
2026_CUTOFF,824441,666201,BULLPEN,15,2,0,0,5,0,2,22
2026_CUTOFF,824442,700712,STARTER,15,3,2,1,1,0,4,18
2026_CUTOFF,824442,681217,BULLPEN,3,0,0,0,2,0,0,5
2026_CUTOFF,824442,519141,BULLPEN,3,1,0,0,1,0,0,5
2026_CUTOFF,824442,820862,BULLPEN,3,0,0,0,0,0,0,3
2026_CUTOFF,824438,672282,STARTER,17,5,2,1,2,1,6,25
2026_CUTOFF,824438,696147,BULLPEN,4,0,0,0,0,0,1,4
2026_CUTOFF,824438,666171,BULLPEN,3,1,0,0,0,0,2,4
2026_CUTOFF,824037,686799,STARTER,18,7,6,3,2,0,4,27
2026_CUTOFF,824037,489446,BULLPEN,3,0,0,0,0,0,2,3
2026_CUTOFF,824037,696270,BULLPEN,3,1,0,0,1,0,1,5
2026_CUTOFF,824037,608718,BULLPEN,3,0,0,0,0,0,0,3
2026_CUTOFF,824038,667755,STARTER,16,1,6,0,6,1,6,24
2026_CUTOFF,824038,681217,BULLPEN,2,1,0,0,0,1,0,4
2026_CUTOFF,824038,820862,BULLPEN,3,1,0,0,0,0,1,4
2026_CUTOFF,824038,666201,BULLPEN,4,6,8,1,3,0,2,14
2026_CUTOFF,824038,624428,BULLPEN,2,1,0,0,0,0,0,2
2026_CUTOFF,824034,680570,STARTER,11,7,7,0,4,0,4,21
2026_CUTOFF,824034,820862,BULLPEN,1,1,0,0,0,0,0,2
2026_CUTOFF,824034,815083,BULLPEN,6,0,0,0,1,0,3,6
2026_CUTOFF,824034,489446,BULLPEN,3,0,0,0,0,0,2,3
2026_CUTOFF,824034,696270,BULLPEN,6,3,3,0,1,0,2,10
2026_CUTOFF,824035,700712,STARTER,18,4,0,0,2,1,4,26
2026_CUTOFF,824035,696147,BULLPEN,6,1,0,0,0,0,2,7
2026_CUTOFF,824035,666171,BULLPEN,1,2,1,0,2,0,0,5
2026_CUTOFF,824035,681217,BULLPEN,2,0,0,0,0,0,0,1
2026_CUTOFF,824033,672282,STARTER,17,8,8,0,2,0,8,27
2026_CUTOFF,824033,820862,BULLPEN,1,1,0,0,1,0,0,3
2026_CUTOFF,824033,696270,BULLPEN,6,4,5,2,1,0,0,11
2026_CUTOFF,824033,608718,BULLPEN,3,2,1,0,0,0,1,5
2026_CUTOFF,824032,686799,STARTER,18,3,3,0,4,1,7,25
2026_CUTOFF,824032,666171,BULLPEN,1,0,1,0,0,2,0,3
2026_CUTOFF,824032,696147,BULLPEN,5,1,0,0,0,0,1,5
2026_CUTOFF,824032,489446,BULLPEN,2,1,1,1,1,1,1,5
2026_CUTOFF,824032,642048,BULLPEN,1,0,0,0,0,0,0,1
2026_CUTOFF,824032,681217,BULLPEN,3,1,0,0,1,0,2,5
2026_CUTOFF,824031,667755,STARTER,20,6,2,0,1,0,7,26
2026_CUTOFF,824031,681217,BULLPEN,1,0,0,0,0,0,0,1
2026_CUTOFF,824031,820862,BULLPEN,3,1,0,0,2,0,1,6
2026_CUTOFF,824031,489446,BULLPEN,3,0,0,0,1,0,1,5
2026_CUTOFF,824031,666171,BULLPEN,3,0,0,0,2,1,0,6
2026_CUTOFF,824029,680570,STARTER,17,7,4,1,2,0,5,25
2026_CUTOFF,824029,608718,BULLPEN,3,1,1,0,1,0,0,4
2026_CUTOFF,824029,642048,BULLPEN,1,1,0,0,0,0,0,1
2026_CUTOFF,824029,696147,BULLPEN,3,1,0,0,0,1,0,5
2026_CUTOFF,824029,815083,BULLPEN,3,1,1,1,0,0,1,4
2026_CUTOFF,824030,700712,STARTER,15,5,1,0,3,0,6,23
2026_CUTOFF,824030,666171,BULLPEN,3,1,1,1,0,0,1,4
2026_CUTOFF,824030,642048,BULLPEN,2,1,0,0,0,0,1,3
2026_CUTOFF,824030,681217,BULLPEN,1,0,0,0,0,0,1,1
2026_CUTOFF,824030,820862,BULLPEN,3,1,0,0,2,0,1,6
2026_CUTOFF,824030,489446,BULLPEN,3,0,0,0,0,0,1,3
2026_CUTOFF,824028,672282,STARTER,24,1,1,1,0,0,14,25
2026_CUTOFF,824028,696147,BULLPEN,3,2,0,0,1,0,2,6
2026_CUTOFF,824275,686799,STARTER,12,6,5,0,2,1,4,20
2026_CUTOFF,824275,815083,BULLPEN,5,2,1,1,3,0,3,10
2026_CUTOFF,824275,820862,BULLPEN,4,0,0,0,0,0,3,4
2026_CUTOFF,824275,681217,BULLPEN,3,0,0,0,0,0,1,3
2026_CUTOFF,824275,489446,BULLPEN,3,0,0,0,1,0,1,4
2026_CUTOFF,824270,667755,STARTER,15,7,3,1,4,0,4,24
2026_CUTOFF,824270,608718,BULLPEN,9,3,0,0,0,0,2,12
2026_CUTOFF,824272,680570,STARTER,15,2,1,1,2,0,5,19
2026_CUTOFF,824272,519141,BULLPEN,3,0,0,0,0,0,1,3
2026_CUTOFF,824272,820862,BULLPEN,3,0,0,0,1,0,1,3
2026_CUTOFF,824272,696147,BULLPEN,3,1,0,0,2,0,1,6
2026_CUTOFF,824272,666171,BULLPEN,3,0,0,0,2,0,1,5
2026_CUTOFF,822978,700712,STARTER,18,5,1,1,3,1,5,26
2026_CUTOFF,822978,666171,BULLPEN,1,3,4,2,1,0,0,5
2026_CUTOFF,822978,608718,BULLPEN,5,3,3,0,0,0,2,8
2026_CUTOFF,822975,672282,STARTER,15,5,3,1,3,0,7,23
2026_CUTOFF,822975,820862,BULLPEN,2,0,0,0,2,0,1,4
2026_CUTOFF,822975,696147,BULLPEN,4,0,0,0,1,0,1,5
2026_CUTOFF,822975,681217,BULLPEN,3,1,0,0,0,0,1,4
2026_CUTOFF,822975,519141,BULLPEN,3,0,0,0,2,0,1,5
2026_CUTOFF,822976,686799,STARTER,7,5,3,1,4,0,1,16
2026_CUTOFF,822976,815083,BULLPEN,12,1,0,0,3,0,4,17
2026_CUTOFF,822976,519141,BULLPEN,2,1,0,0,2,0,1,5
2026_CUTOFF,822976,608718,BULLPEN,3,0,0,0,0,0,0,3
2026_CUTOFF,824027,667755,STARTER,14,3,2,1,7,2,7,25
2026_CUTOFF,824027,681217,BULLPEN,4,1,0,0,0,0,1,5
2026_CUTOFF,824027,666171,BULLPEN,3,0,0,0,1,0,1,4
2026_CUTOFF,824027,820862,BULLPEN,2,4,5,1,2,0,2,8
2026_CUTOFF,824027,608718,BULLPEN,1,0,0,0,0,0,0,1
2026_CUTOFF,824027,489446,BULLPEN,3,2,1,0,0,0,0,5
2026_CUTOFF,824026,680570,STARTER,11,7,7,2,3,0,3,21
2026_CUTOFF,824026,691951,BULLPEN,16,4,0,0,2,0,5,22
2026_CUTOFF,824024,700712,STARTER,18,3,3,1,3,0,7,24
2026_CUTOFF,824024,519141,BULLPEN,3,1,0,0,0,0,0,4
2026_CUTOFF,824024,666171,BULLPEN,3,2,1,0,0,0,0,5
2026_CUTOFF,824024,489446,BULLPEN,3,1,0,0,0,0,2,4
2026_CUTOFF,823943,672282,STARTER,18,2,0,0,2,0,6,21
2026_CUTOFF,823943,681217,BULLPEN,3,0,0,0,1,0,1,4
2026_CUTOFF,823943,696147,BULLPEN,3,0,0,0,0,1,2,4
2026_CUTOFF,823943,489446,BULLPEN,0,1,1,1,0,0,0,1
2026_CUTOFF,823942,686799,STARTER,1,6,7,1,1,0,1,8
2026_CUTOFF,823942,608718,BULLPEN,8,2,1,1,0,0,2,12
2026_CUTOFF,823942,696519,BULLPEN,6,0,0,0,1,0,3,7
2026_CUTOFF,823942,519141,BULLPEN,3,1,0,0,0,0,0,4
2026_CUTOFF,823942,666171,BULLPEN,6,0,0,0,2,0,3,8
2026_CUTOFF,823941,667755,STARTER,18,8,4,2,2,0,2,27
2026_CUTOFF,823941,519141,BULLPEN,2,2,0,0,0,0,1,4
2026_CUTOFF,823941,681217,BULLPEN,3,1,0,0,1,0,2,5
2026_CUTOFF,823941,696147,BULLPEN,1,0,0,0,0,0,1,1
2026_CUTOFF,823941,815083,BULLPEN,3,0,0,0,0,0,3,3
2026_CUTOFF,824025,680570,STARTER,16,6,2,0,2,0,6,25
2026_CUTOFF,824025,696519,BULLPEN,2,0,0,0,0,0,1,2
2026_CUTOFF,824025,666171,BULLPEN,3,0,0,0,2,0,3,5
2026_CUTOFF,824025,696147,BULLPEN,3,0,0,0,1,0,1,4
2026_CUTOFF,824025,489446,BULLPEN,3,1,1,0,1,0,1,5
2026_CUTOFF,824025,691951,BULLPEN,3,1,0,0,0,0,1,3
2026_CUTOFF,824023,700712,STARTER,15,3,0,0,5,1,7,24
2026_CUTOFF,824023,608718,BULLPEN,6,2,1,0,1,0,3,9
2026_CUTOFF,824023,519141,BULLPEN,3,0,0,0,0,0,0,3
2026_CUTOFF,824023,489446,BULLPEN,3,0,0,0,0,0,2,3
2026_CUTOFF,824022,672282,STARTER,21,1,1,1,0,0,9,22
2026_CUTOFF,824022,681217,BULLPEN,3,1,1,1,0,0,1,4
2026_CUTOFF,824022,696147,BULLPEN,3,2,0,0,0,0,1,4
2026_CUTOFF,824022,666171,BULLPEN,3,0,0,0,1,0,2,4
2026_CUTOFF,824020,691951,STARTER,15,3,1,0,3,0,4,21
2026_CUTOFF,824020,681217,BULLPEN,3,1,0,0,0,0,2,4
2026_CUTOFF,824020,815083,BULLPEN,8,3,1,0,2,0,2,13
2026_CUTOFF,824020,666171,BULLPEN,1,0,0,0,1,0,1,2
2026_CUTOFF,824019,667755,STARTER,15,3,0,0,2,0,5,19
2026_CUTOFF,824019,696519,BULLPEN,6,0,0,0,2,0,2,8
2026_CUTOFF,824019,608718,BULLPEN,3,2,0,0,0,0,0,5
2026_CUTOFF,824019,489446,BULLPEN,3,0,0,0,0,0,1,3
2026_CUTOFF,824021,680570,STARTER,7,3,2,0,2,1,1,12
2026_CUTOFF,824021,681217,BULLPEN,2,1,0,0,0,0,1,3
2026_CUTOFF,824021,519141,BULLPEN,6,2,1,1,0,0,0,8
2026_CUTOFF,824021,608718,BULLPEN,6,1,0,0,0,0,0,6
2026_CUTOFF,824021,696147,BULLPEN,3,4,5,2,2,0,1,9
2026_CUTOFF,824021,666171,BULLPEN,3,0,0,0,0,0,1,3
2026_CUTOFF,825071,700712,STARTER,21,7,3,1,2,1,3,30
2026_CUTOFF,825071,820862,BULLPEN,3,1,0,0,1,0,0,5
2026_CUTOFF,825070,672282,STARTER,21,4,0,0,0,0,3,24
2026_CUTOFF,825070,489446,BULLPEN,3,0,0,0,1,0,1,4
2026_CUTOFF,825070,681217,BULLPEN,3,1,0,0,0,0,2,4
2026_CUTOFF,825072,691951,STARTER,9,6,6,1,3,1,1,19
2026_CUTOFF,825072,820862,BULLPEN,3,2,0,0,0,0,0,4
2026_CUTOFF,825072,695049,BULLPEN,12,3,2,0,1,0,2,16
2026_CUTOFF,824989,696270,STARTER,15,8,5,2,1,0,2,25
2026_CUTOFF,824989,608718,BULLPEN,6,0,0,0,0,0,2,6
2026_CUTOFF,824989,666171,BULLPEN,3,0,0,0,2,0,1,5
2026_CUTOFF,824990,667755,STARTER,15,6,3,1,4,0,6,24
2026_CUTOFF,824990,815083,BULLPEN,6,3,3,1,2,0,3,9
2026_CUTOFF,824990,681217,BULLPEN,3,1,2,1,1,0,1,5
2026_CUTOFF,824990,696147,BULLPEN,3,2,2,1,0,0,0,5
2026_CUTOFF,824990,489446,BULLPEN,1,0,0,0,1,1,0,3
2026_CUTOFF,824990,696519,BULLPEN,0,0,0,0,1,0,0,1
2026_CUTOFF,824988,700712,STARTER,15,4,0,0,0,1,6,20
2026_CUTOFF,824988,696519,BULLPEN,4,1,0,0,1,0,2,6
2026_CUTOFF,824988,666171,BULLPEN,5,0,0,0,1,0,3,6
2026_CUTOFF,824988,489446,BULLPEN,3,0,0,0,0,0,2,3
2026_CUTOFF,824987,672282,STARTER,18,6,5,0,4,0,4,27
2026_CUTOFF,824987,608718,BULLPEN,3,1,1,1,0,0,0,5
2026_CUTOFF,824987,681217,BULLPEN,3,0,0,0,1,0,2,4
2026_CUTOFF,824987,696147,BULLPEN,3,0,0,0,0,0,0,3
2026_CUTOFF,824016,691951,STARTER,14,5,5,2,1,0,3,21
2026_CUTOFF,824016,820862,BULLPEN,4,2,0,0,0,0,3,6
2026_CUTOFF,824016,608718,BULLPEN,6,3,1,0,0,0,3,8
2026_CUTOFF,824016,489446,BULLPEN,3,1,0,0,0,0,3,4
2026_CUTOFF,824017,696270,STARTER,18,1,0,0,1,0,8,19
2026_CUTOFF,824017,696519,BULLPEN,1,1,1,0,1,0,0,3
2026_CUTOFF,824017,681217,BULLPEN,2,1,0,0,0,0,1,3
2026_CUTOFF,824017,666171,BULLPEN,3,0,0,0,0,0,3,3
2026_CUTOFF,824017,696147,BULLPEN,3,0,0,0,0,0,1,3
2026_CUTOFF,824018,667755,STARTER,9,6,5,2,2,0,4,17
2026_CUTOFF,824018,815083,BULLPEN,6,1,0,0,1,1,1,7
2026_CUTOFF,824018,820862,BULLPEN,4,0,0,0,0,0,1,4
2026_CUTOFF,824018,696519,BULLPEN,5,0,0,0,0,0,2,5
2026_CUTOFF,824018,696147,BULLPEN,3,0,0,0,0,0,1,3
2026_CUTOFF,824018,681217,BULLPEN,3,2,1,0,0,0,1,5
2026_CUTOFF,824014,700712,STARTER,13,6,7,0,2,0,5,21
2026_CUTOFF,824014,608718,BULLPEN,7,4,1,0,0,0,2,11
2026_CUTOFF,824014,820862,BULLPEN,4,0,0,0,0,0,1,4
2026_CUTOFF,824014,489446,BULLPEN,3,0,0,0,0,0,2,3
2026_CUTOFF,824015,672282,STARTER,17,4,2,1,3,0,8,24
2026_CUTOFF,824015,681217,BULLPEN,1,0,0,0,0,0,1,1
2026_CUTOFF,824015,666171,BULLPEN,3,0,0,0,0,0,2,3
2026_CUTOFF,824015,696147,BULLPEN,3,1,0,0,2,0,1,6
2026_CUTOFF,824015,489446,BULLPEN,3,0,0,0,0,0,1,3
2026_CUTOFF,824011,691951,STARTER,15,5,1,0,1,0,4,21
2026_CUTOFF,824011,820862,BULLPEN,6,0,0,0,0,0,1,6
2026_CUTOFF,824011,666171,BULLPEN,2,0,0,0,2,0,2,4
2026_CUTOFF,824011,696519,BULLPEN,4,1,0,0,0,0,2,5
2026_CUTOFF,823121,696270,STARTER,15,4,1,1,0,1,3,20
2026_CUTOFF,823121,815083,BULLPEN,9,2,3,2,2,0,3,13
2026_CUTOFF,823122,667755,STARTER,15,6,3,0,1,0,9,22
2026_CUTOFF,823122,681217,BULLPEN,3,2,2,0,1,0,3,6
2026_CUTOFF,823122,608718,BULLPEN,3,4,3,0,1,0,3,8
2026_CUTOFF,823122,666171,BULLPEN,3,1,0,0,0,0,1,3
2026_CUTOFF,823119,700712,STARTER,17,1,1,0,4,2,6,24
2026_CUTOFF,823119,696519,BULLPEN,4,0,0,0,0,0,3,4
2026_CUTOFF,823119,696147,BULLPEN,3,1,0,0,0,0,1,4
2026_CUTOFF,824013,672282,STARTER,15,7,5,1,3,0,5,26
2026_CUTOFF,824013,820862,BULLPEN,3,1,0,0,0,0,2,4
2026_CUTOFF,824013,815083,BULLPEN,6,2,0,0,0,0,1,7
2026_CUTOFF,824013,489446,BULLPEN,3,1,0,0,0,0,2,3
2026_CUTOFF,824012,691951,STARTER,12,1,3,1,4,0,2,18
2026_CUTOFF,824012,696519,BULLPEN,2,3,4,1,1,1,0,7
2026_CUTOFF,824012,666171,BULLPEN,4,0,0,0,1,1,2,6
2026_CUTOFF,824012,681217,BULLPEN,3,0,0,0,0,0,2,3
2026_CUTOFF,824012,608718,BULLPEN,6,3,1,0,0,0,0,9
2026_CUTOFF,824010,696270,STARTER,12,6,2,2,1,0,6,20
2026_CUTOFF,824010,820862,BULLPEN,6,0,0,0,1,0,1,7
2026_CUTOFF,824010,681217,BULLPEN,2,3,2,0,1,0,1,6
2026_CUTOFF,824010,642048,BULLPEN,1,1,0,0,0,0,1,2
2026_CUTOFF,824010,815083,BULLPEN,3,0,0,0,0,0,1,3
2026_CUTOFF,824010,489446,BULLPEN,3,0,0,0,0,0,1,3
2026_CUTOFF,822881,667755,STARTER,18,2,2,0,2,1,4,23
2026_CUTOFF,822881,642048,BULLPEN,3,2,1,1,0,0,2,5
2026_CUTOFF,822881,696147,BULLPEN,2,6,5,1,0,0,0,8
2026_CUTOFF,822881,608718,BULLPEN,1,1,0,0,0,0,1,2
2026_CUTOFF,822880,700712,STARTER,12,1,0,0,5,0,3,17
2026_CUTOFF,822880,696519,BULLPEN,6,0,0,0,0,0,5,6
2026_CUTOFF,822880,666171,BULLPEN,3,1,0,0,0,0,2,4
2026_CUTOFF,822880,820862,BULLPEN,3,1,1,1,0,0,2,4
2026_CUTOFF,822880,815083,BULLPEN,3,0,0,0,0,0,2,3
2026_CUTOFF,822877,672282,STARTER,12,7,5,3,1,0,6,20
2026_CUTOFF,822877,681217,BULLPEN,3,0,0,0,0,0,0,3
2026_CUTOFF,822877,608718,BULLPEN,3,2,1,0,0,1,2,6
2026_CUTOFF,822877,666171,BULLPEN,3,0,0,0,0,0,1,3
2026_CUTOFF,822877,696147,BULLPEN,3,0,0,0,0,0,1,3
2026_CUTOFF,822877,489446,BULLPEN,1,2,1,0,0,0,0,3
2026_CUTOFF,823685,680570,STARTER,16,6,3,0,1,1,0,23
2026_CUTOFF,823685,696519,BULLPEN,5,2,0,0,1,0,2,8
2026_CUTOFF,823685,696147,BULLPEN,3,0,0,0,1,0,2,4
2026_CUTOFF,823685,489446,BULLPEN,3,1,0,0,0,0,0,4
2026_CUTOFF,823682,696270,STARTER,15,3,3,1,3,0,1,18
2026_CUTOFF,823682,815083,BULLPEN,6,6,2,0,0,0,2,10
2026_CUTOFF,823682,820862,BULLPEN,3,0,0,0,1,0,1,4
2026_CUTOFF,823681,667755,STARTER,15,5,3,0,2,0,0,20
2026_CUTOFF,823681,681217,BULLPEN,5,0,0,0,1,0,4,6
2026_CUTOFF,823681,666171,BULLPEN,4,1,1,1,0,0,2,5
2026_CUTOFF,824009,672282,STARTER,18,4,0,0,0,0,7,22
2026_CUTOFF,824009,666171,BULLPEN,3,0,0,0,0,0,2,3
2026_CUTOFF,824009,696147,BULLPEN,3,1,0,0,0,0,3,4
2026_CUTOFF,824009,489446,BULLPEN,2,1,2,0,1,1,0,5
2026_CUTOFF,824009,696519,BULLPEN,1,0,0,0,0,0,0,1
2026_CUTOFF,824008,680570,STARTER,12,7,6,1,1,2,3,22
2026_CUTOFF,824008,608718,BULLPEN,9,2,1,1,0,0,2,10
2026_CUTOFF,824008,820862,BULLPEN,6,2,0,0,0,0,2,8
2026_CUTOFF,824007,696270,STARTER,15,2,1,1,3,0,5,20
2026_CUTOFF,824007,696519,BULLPEN,3,0,0,0,0,0,2,3
2026_CUTOFF,824007,681217,BULLPEN,3,1,0,0,0,0,0,4
2026_CUTOFF,824007,696147,BULLPEN,3,0,0,0,0,0,0,3
2026_CUTOFF,824007,666171,BULLPEN,3,1,1,1,0,0,0,4
2026_CUTOFF,824006,667755,STARTER,21,4,2,0,1,0,7,25
2026_CUTOFF,824006,696519,BULLPEN,3,0,0,0,0,0,2,3
2026_CUTOFF,824006,820862,BULLPEN,3,0,0,0,1,0,2,4
2026_CUTOFF,824005,700712,STARTER,18,6,1,0,1,0,5,24
2026_CUTOFF,824005,815083,BULLPEN,4,0,0,0,0,0,2,4
2026_CUTOFF,824005,681217,BULLPEN,2,0,0,0,0,0,1,2
2026_CUTOFF,824005,666171,BULLPEN,3,1,0,0,0,1,3,5
2026_CUTOFF,824004,672282,STARTER,16,2,1,1,2,0,6,19
2026_CUTOFF,824004,820862,BULLPEN,2,0,0,0,0,0,0,2
2026_CUTOFF,824004,696519,BULLPEN,3,1,0,0,0,0,2,4
2026_CUTOFF,824004,815083,BULLPEN,3,0,0,0,0,0,0,3
2026_CUTOFF,824004,489446,BULLPEN,3,0,0,0,1,0,2,4
