pitcher_id,pbp_pitches,entry_inning,first_play_index,last_play_index,first_pitch_row,last_pitch_row,entry_half,game_pk,pbp_source,fallback_used,date,game_date_time,team,opp,home_away,pitcher_name,games_pitched,games_started,is_starter,role,boxscore_np,bf,outs,r,er,h,bb,k,hr,boxscore_source,_merge,pitch_count_match,physical_appearance,primary_position,primary_position_name,pitcher_class,line_stats_match,qa_status
571578,33,6,49,61,188,236,Top,822789,https://raw.githubusercontent.com/lancebroz/mlb-pitcher-data/main/data/raw/2026/daily/2026-07-17.parquet,False,2026-07-17,2026-07-17T23:15:00Z,TOR,CWS,H,Patrick Corbin,1,0,False,RELIEF_OR_BULK,33,8,4,3,2,2,1,1,0,https://statsapi.mlb.com/api/v1.1/game/822789/feed/live,both,True,True,P,Pitcher,BULLPEN_PITCHER,True,QA_VALIDATED_CANONICAL_V97
622554,2,6,57,57,221,222,Bot,822789,https://raw.githubusercontent.com/lancebroz/mlb-pitcher-data/main/data/raw/2026/daily/2026-07-17.parquet,False,2026-07-17,2026-07-17T23:15:00Z,CWS,TOR,A,Seranthony Domínguez,1,0,False,RELIEF_OR_BULK,2,1,1,0,0,0,0,0,0,https://statsapi.mlb.com/api/v1.1/game/822789/feed/live,both,True,True,P,Pitcher,BULLPEN_PITCHER,True,QA_VALIDATED_CANONICAL_V97
641743,83,1,3,35,14,139,Bot,822789,https://raw.githubusercontent.com/lancebroz/mlb-pitcher-data/main/data/raw/2026/daily/2026-07-17.parquet,False,2026-07-17,2026-07-17T23:15:00Z,CWS,TOR,A,Anthony Kay,1,1,True,STARTER,83,19,12,2,2,2,3,5,1,https://statsapi.mlb.com/api/v1.1/game/822789/feed/live,both,True,True,P,Pitcher,STARTER/OPENER/BULK,True,QA_VALIDATED_CANONICAL_V97
669310,37,8,68,78,255,301,Top,822789,https://raw.githubusercontent.com/lancebroz/mlb-pitcher-data/main/data/raw/2026/daily/2026-07-17.parquet,False,2026-07-17,2026-07-17T23:15:00Z,TOR,CWS,H,CJ Van Eyk,1,0,False,RELIEF_OR_BULK,37,8,6,0,0,1,0,1,0,https://statsapi.mlb.com/api/v1.1/game/822789/feed/live,both,True,True,P,Pitcher,BULLPEN_PITCHER,True,QA_VALIDATED_CANONICAL_V97
670950,36,5,44,56,166,220,Bot,822789,https://raw.githubusercontent.com/lancebroz/mlb-pitcher-data/main/data/raw/2026/daily/2026-07-17.parquet,False,2026-07-17,2026-07-17T23:15:00Z,CWS,TOR,A,Trevor Richards,1,0,False,RELIEF_OR_BULK,36,9,5,2,2,4,0,1,2,https://statsapi.mlb.com/api/v1.1/game/822789/feed/live,both,True,True,P,Pitcher,BULLPEN_PITCHER,True,QA_VALIDATED_CANONICAL_V97
671936,22,5,37,43,144,165,Top,822789,https://raw.githubusercontent.com/lancebroz/mlb-pitcher-data/main/data/raw/2026/daily/2026-07-17.parquet,False,2026-07-17,2026-07-17T23:15:00Z,TOR,CWS,H,Adam Macko,1,0,False,RELIEF_OR_BULK,22,7,3,2,2,2,2,2,0,https://statsapi.mlb.com/api/v1.1/game/822789/feed/live,both,True,True,P,Pitcher,BULLPEN_PITCHER,True,QA_VALIDATED_CANONICAL_V97
680755,6,7,62,64,237,242,Top,822789,https://raw.githubusercontent.com/lancebroz/mlb-pitcher-data/main/data/raw/2026/daily/2026-07-17.parquet,False,2026-07-17,2026-07-17T23:15:00Z,TOR,CWS,H,Braydon Fisher,1,0,False,RELIEF_OR_BULK,6,3,2,1,1,1,0,0,0,https://statsapi.mlb.com/api/v1.1/game/822789/feed/live,both,True,True,P,Pitcher,BULLPEN_PITCHER,True,QA_VALIDATED_CANONICAL_V97
693686,60,1,0,36,1,143,Top,822789,https://raw.githubusercontent.com/lancebroz/mlb-pitcher-data/main/data/raw/2026/daily/2026-07-17.parquet,False,2026-07-17,2026-07-17T23:15:00Z,TOR,CWS,H,Spencer Miles,1,1,True,STARTER,60,18,12,6,6,6,0,4,1,https://statsapi.mlb.com/api/v1.1/game/822789/feed/live,both,True,True,P,Pitcher,STARTER/OPENER/BULK,True,QA_VALIDATED_CANONICAL_V97
805326,54,7,65,83,243,333,Bot,822789,https://raw.githubusercontent.com/lancebroz/mlb-pitcher-data/main/data/raw/2026/daily/2026-07-17.parquet,False,2026-07-17,2026-07-17T23:15:00Z,CWS,TOR,A,Tyler Schweitzer,1,0,False,RELIEF_OR_BULK,54,11,9,0,0,1,1,3,0,https://statsapi.mlb.com/api/v1.1/game/822789/feed/live,both,True,True,P,Pitcher,BULLPEN_PITCHER,True,QA_VALIDATED_CANONICAL_V97
621074,20,9,67,70,254,273,Top,823115,https://raw.githubusercontent.com/lancebroz/mlb-pitcher-data/main/data/raw/2026/daily/2026-07-17.parquet,False,2026-07-17,2026-07-18T02:10:00Z,SEA,SF,H,Michael Rucker,1,0,False,RELIEF_OR_BULK,20,4,3,0,0,1,0,1,0,https://statsapi.mlb.com/api/v1.1/game/823115/feed/live,both,True,True,P,Pitcher,BULLPEN_PITCHER,True,QA_VALIDATED_CANONICAL_V97
668873,22,9,71,74,274,295,Bot,823115,https://raw.githubusercontent.com/lancebroz/mlb-pitcher-data/main/data/raw/2026/daily/2026-07-17.parquet,False,2026-07-17,2026-07-18T02:10:00Z,SF,SEA,A,Caleb Kilian,1,0,False,RELIEF_OR_BULK,22,4,3,0,0,0,0,1,0,https://statsapi.mlb.com/api/v1.1/game/823115/feed/live,both,True,True,P,Pitcher,BULLPEN_PITCHER,True,QA_VALIDATED_CANONICAL_V97
671345,15,8,64,66,239,253,Bot,823115,https://raw.githubusercontent.com/lancebroz/mlb-pitcher-data/main/data/raw/2026/daily/2026-07-17.parquet,False,2026-07-17,2026-07-18T02:10:00Z,SF,SEA,A,Jason Foley,1,0,False,RELIEF_OR_BULK,15,3,3,0,0,0,0,1,0,https://statsapi.mlb.com/api/v1.1/game/823115/feed/live,both,True,True,P,Pitcher,BULLPEN_PITCHER,True,QA_VALIDATED_CANONICAL_V97
677961,11,8,61,63,228,238,Top,823115,https://raw.githubusercontent.com/lancebroz/mlb-pitcher-data/main/data/raw/2026/daily/2026-07-17.parquet,False,2026-07-17,2026-07-18T02:10:00Z,SEA,SF,H,Cole Wilcox,1,0,False,RELIEF_OR_BULK,11,3,3,0,0,0,0,2,0,https://statsapi.mlb.com/api/v1.1/game/823115/feed/live,both,True,True,P,Pitcher,BULLPEN_PITCHER,True,QA_VALIDATED_CANONICAL_V97
678606,14,6,44,46,169,182,Top,823115,https://raw.githubusercontent.com/lancebroz/mlb-pitcher-data/main/data/raw/2026/daily/2026-07-17.parquet,False,2026-07-17,2026-07-18T02:10:00Z,SEA,SF,H,José A. Ferrer,1,0,False,RELIEF_OR_BULK,14,3,1,0,0,0,1,0,0,https://statsapi.mlb.com/api/v1.1/game/823115/feed/live,both,True,True,P,Pitcher,BULLPEN_PITCHER,True,QA_VALIDATED_CANONICAL_V97
682243,91,1,0,43,1,168,Top,823115,https://raw.githubusercontent.com/lancebroz/mlb-pitcher-data/main/data/raw/2026/daily/2026-07-17.parquet,False,2026-07-17,2026-07-18T02:10:00Z,SEA,SF,H,Bryce Miller,1,1,True,STARTER,91,26,17,3,2,7,1,6,1,https://statsapi.mlb.com/api/v1.1/game/823115/feed/live,both,True,True,P,Pitcher,STARTER/OPENER/BULK,True,QA_VALIDATED_CANONICAL_V97
689546,25,7,50,57,193,217,Top,823115,https://raw.githubusercontent.com/lancebroz/mlb-pitcher-data/main/data/raw/2026/daily/2026-07-17.parquet,False,2026-07-17,2026-07-18T02:10:00Z,SEA,SF,H,Nick Davila,1,0,False,RELIEF_OR_BULK,25,8,3,4,4,4,0,0,1,https://statsapi.mlb.com/api/v1.1/game/823115/feed/live,both,True,True,P,Pitcher,BULLPEN_PITCHER,True,QA_VALIDATED_CANONICAL_V97
694738,97,1,3,60,16,227,Bot,823115,https://raw.githubusercontent.com/lancebroz/mlb-pitcher-data/main/data/raw/2026/daily/2026-07-17.parquet,False,2026-07-17,2026-07-18T02:10:00Z,SF,SEA,A,Landen Roupp,1,1,True,STARTER,97,24,21,0,0,2,3,2,0,https://statsapi.mlb.com/api/v1.1/game/823115/feed/live,both,True,True,P,Pitcher,STARTER/OPENER/BULK,True,QA_VALIDATED_CANONICAL_V97
518585,23,8,52,55,230,252,Top,823524,https://raw.githubusercontent.com/lancebroz/mlb-pitcher-data/main/data/raw/2026/daily/2026-07-17.parquet,False,2026-07-17,2026-07-17T23:05:00Z,NYY,LAD,H,Fernando Cruz,1,0,False,RELIEF_OR_BULK,23,4,3,0,0,1,0,1,0,https://statsapi.mlb.com/api/v1.1/game/823524/feed/live,both,True,True,P,Pitcher,BULLPEN_PITCHER,True,QA_VALIDATED_CANONICAL_V97
543037,103,1,0,45,1,203,Top,823524,https://raw.githubusercontent.com/lancebroz/mlb-pitcher-data/main/data/raw/2026/daily/2026-07-17.parquet,False,2026-07-17,2026-07-17T23:05:00Z,NYY,LAD,H,Gerrit Cole,1,1,True,STARTER,103,23,18,2,2,4,1,8,1,https://statsapi.mlb.com/api/v1.1/game/823524/feed/live,both,True,True,P,Pitcher,STARTER/OPENER/BULK,True,QA_VALIDATED_CANONICAL_V97
621112,10,9,61,63,265,274,Top,823524,https://raw.githubusercontent.com/lancebroz/mlb-pitcher-data/main/data/raw/2026/daily/2026-07-17.parquet,False,2026-07-17,2026-07-17T23:05:00Z,NYY,LAD,H,Paul Blackburn,1,0,False,RELIEF_OR_BULK,10,3,3,0,0,0,1,0,0,https://statsapi.mlb.com/api/v1.1/game/823524/feed/live,both,True,True,P,Pitcher,BULLPEN_PITCHER,True,QA_VALIDATED_CANONICAL_V97
656945,11,9,64,66,275,285,Bot,823524,https://raw.githubusercontent.com/lancebroz/mlb-pitcher-data/main/data/raw/2026/daily/2026-07-17.parquet,False,2026-07-17,2026-07-17T23:05:00Z,LAD,NYY,A,Tanner Scott,1,0,False,RELIEF_OR_BULK,11,3,3,0,0,0,0,1,0,https://statsapi.mlb.com/api/v1.1/game/823524/feed/live,both,True,True,P,Pitcher,BULLPEN_PITCHER,True,QA_VALIDATED_CANONICAL_V97
676263,21,6,43,51,185,229,Bot,823524,https://raw.githubusercontent.com/lancebroz/mlb-pitcher-data/main/data/raw/2026/daily/2026-07-17.parquet,False,2026-07-17,2026-07-17T23:05:00Z,LAD,NYY,A,Jack Dreyer,1,0,False,RELIEF_OR_BULK,21,4,4,0,0,0,0,2,0,https://statsapi.mlb.com/api/v1.1/game/823524/feed/live,both,True,True,P,Pitcher,BULLPEN_PITCHER,True,QA_VALIDATED_CANONICAL_V97
681911,12,8,56,60,253,264,Bot,823524,https://raw.githubusercontent.com/lancebroz/mlb-pitcher-data/main/data/raw/2026/daily/2026-07-17.parquet,False,2026-07-17,2026-07-17T23:05:00Z,LAD,NYY,A,Alex Vesia,1,0,False,RELIEF_OR_BULK,12,5,3,0,0,1,2,0,0,https://statsapi.mlb.com/api/v1.1/game/823524/feed/live,both,True,True,P,Pitcher,BULLPEN_PITCHER,True,QA_VALIDATED_CANONICAL_V97
687396,11,7,46,48,204,214,Top,823524,https://raw.githubusercontent.com/lancebroz/mlb-pitcher-data/main/data/raw/2026/daily/2026-07-17.parquet,False,2026-07-17,2026-07-17T23:05:00Z,NYY,LAD,H,Brent Headrick,1,0,False,RELIEF_OR_BULK,11,3,3,0,0,0,0,1,0,https://statsapi.mlb.com/api/v1.1/game/823524/feed/live,both,True,True,P,Pitcher,BULLPEN_PITCHER,True,QA_VALIDATED_CANONICAL_V97
808963,94,1,3,42,17,184,Bot,823524,https://raw.githubusercontent.com/lancebroz/mlb-pitcher-data/main/data/raw/2026/daily/2026-07-17.parquet,False,2026-07-17,2026-07-17T23:05:00Z,LAD,NYY,A,Roki Sasaki,1,1,True,STARTER,94,22,17,1,0,5,1,5,0,https://statsapi.mlb.com/api/v1.1/game/823524/feed/live,both,True,True,P,Pitcher,STARTER/OPENER/BULK,True,QA_VALIDATED_CANONICAL_V97
645261,104,1,3,45,14,198,Bot,823766,https://raw.githubusercontent.com/lancebroz/mlb-pitcher-data/main/data/raw/2026/daily/2026-07-17.parquet,False,2026-07-17,2026-07-17T23:40:00Z,MIA,MIL,A,Sandy Alcantara,1,1,True,STARTER,104,25,18,1,1,3,4,7,1,https://statsapi.mlb.com/api/v1.1/game/823766/feed/live,both,True,True,P,Pitcher,STARTER/OPENER/BULK,True,QA_VALIDATED_CANONICAL_V97
656730,11,9,61,64,262,272,Top,823766,https://raw.githubusercontent.com/lancebroz/mlb-pitcher-data/main/data/raw/2026/daily/2026-07-17.parquet,False,2026-07-17,2026-07-17T23:40:00Z,MIL,MIA,H,Trevor Megill,1,0,False,RELIEF_OR_BULK,11,4,3,0,0,1,0,1,0,https://statsapi.mlb.com/api/v1.1/game/823766/feed/live,both,True,True,P,Pitcher,BULLPEN_PITCHER,True,QA_VALIDATED_CANONICAL_V97
656848,21,8,56,60,241,261,Bot,823766,https://raw.githubusercontent.com/lancebroz/mlb-pitcher-data/main/data/raw/2026/daily/2026-07-17.parquet,False,2026-07-17,2026-07-17T23:40:00Z,MIA,MIL,A,Michael Petersen,1,0,False,RELIEF_OR_BULK,21,5,3,0,0,0,2,2,0,https://statsapi.mlb.com/api/v1.1/game/823766/feed/live,both,True,True,P,Pitcher,BULLPEN_PITCHER,True,QA_VALIDATED_CANONICAL_V97
664126,24,9,65,69,273,296,Bot,823766,https://raw.githubusercontent.com/lancebroz/mlb-pitcher-data/main/data/raw/2026/daily/2026-07-17.parquet,False,2026-07-17,2026-07-17T23:40:00Z,MIA,MIL,A,Pete Fairbanks,1,0,False,RELIEF_OR_BULK,24,5,3,0,0,1,1,2,0,https://statsapi.mlb.com/api/v1.1/game/823766/feed/live,both,True,True,P,Pitcher,BULLPEN_PITCHER,True,QA_VALIDATED_CANONICAL_V97
669199,20,10,73,76,309,328,Bot,823766,https://raw.githubusercontent.com/lancebroz/mlb-pitcher-data/main/data/raw/2026/daily/2026-07-17.parquet,False,2026-07-17,2026-07-17T23:40:00Z,MIA,MIL,A,Lake Bachar,1,0,False,RELIEF_OR_BULK,20,4,2,1,0,1,1,2,0,https://statsapi.mlb.com/api/v1.1/game/823766/feed/live,both,True,True,P,Pitcher,BULLPEN_PITCHER,True,QA_VALIDATED_CANONICAL_V97
676534,14,7,50,52,216,229,Bot,823766,https://raw.githubusercontent.com/lancebroz/mlb-pitcher-data/main/data/raw/2026/daily/2026-07-17.parquet,False,2026-07-17,2026-07-17T23:40:00Z,MIA,MIL,A,Calvin Faucher,1,0,False,RELIEF_OR_BULK,14,3,3,0,0,1,0,0,0,https://statsapi.mlb.com/api/v1.1/game/823766/feed/live,both,True,True,P,Pitcher,BULLPEN_PITCHER,True,QA_VALIDATED_CANONICAL_V97
676879,17,7,46,49,199,215,Top,823766,https://raw.githubusercontent.com/lancebroz/mlb-pitcher-data/main/data/raw/2026/daily/2026-07-17.parquet,False,2026-07-17,2026-07-17T23:40:00Z,MIL,MIA,H,Aaron Ashby,1,0,False,RELIEF_OR_BULK,17,4,3,0,0,1,0,2,0,https://statsapi.mlb.com/api/v1.1/game/823766/feed/live,both,True,True,P,Pitcher,BULLPEN_PITCHER,True,QA_VALIDATED_CANONICAL_V97
682842,11,8,53,55,230,240,Top,823766,https://raw.githubusercontent.com/lancebroz/mlb-pitcher-data/main/data/raw/2026/daily/2026-07-17.parquet,False,2026-07-17,2026-07-17T23:40:00Z,MIL,MIA,H,Abner Uribe,1,0,False,RELIEF_OR_BULK,11,3,3,0,0,1,0,1,0,https://statsapi.mlb.com/api/v1.1/game/823766/feed/live,both,True,True,P,Pitcher,BULLPEN_PITCHER,True,QA_VALIDATED_CANONICAL_V97
684974,12,10,70,72,297,308,Top,823766,https://raw.githubusercontent.com/lancebroz/mlb-pitcher-data/main/data/raw/2026/daily/2026-07-17.parquet,False,2026-07-17,2026-07-17T23:40:00Z,MIL,MIA,H,Craig Yoho,1,0,False,RELIEF_OR_BULK,12,3,3,0,0,0,0,0,0,https://statsapi.mlb.com/api/v1.1/game/823766/feed/live,both,True,True,P,Pitcher,BULLPEN_PITCHER,True,QA_VALIDATED_CANONICAL_V97
694477,21,6,39,42,166,186,Top,823766,https://raw.githubusercontent.com/lancebroz/mlb-pitcher-data/main/data/raw/2026/daily/2026-07-17.parquet,False,2026-07-17,2026-07-17T23:40:00Z,MIL,MIA,H,Chad Patrick,1,0,False,RELIEF_OR_BULK,21,4,3,0,0,1,0,1,0,https://statsapi.mlb.com/api/v1.1/game/823766/feed/live,both,True,True,P,Pitcher,BULLPEN_PITCHER,True,QA_VALIDATED_CANONICAL_V97
701656,73,1,0,32,1,139,Top,823766,https://raw.githubusercontent.com/lancebroz/mlb-pitcher-data/main/data/raw/2026/daily/2026-07-17.parquet,False,2026-07-17,2026-07-17T23:40:00Z,MIL,MIA,H,Logan Henderson,1,1,True,STARTER,73,17,15,1,1,3,0,4,1,https://statsapi.mlb.com/api/v1.1/game/823766/feed/live,both,True,True,P,Pitcher,STARTER/OPENER/BULK,True,QA_VALIDATED_CANONICAL_V97
489446,20,9,59,63,244,263,Top,824009,https://raw.githubusercontent.com/lancebroz/mlb-pitcher-data/main/data/raw/2026/daily/2026-07-17.parquet,False,2026-07-17,2026-07-18T01:38:00Z,LAA,DET,H,Kirby Yates,1,0,False,RELIEF_OR_BULK,20,5,2,2,2,1,1,0,0,https://statsapi.mlb.com/api/v1.1/game/824009/feed/live,both,True,True,P,Pitcher,BULLPEN_PITCHER,True,QA_VALIDATED_CANONICAL_V97
666171,12,7,46,48,187,198,Top,824009,https://raw.githubusercontent.com/lancebroz/mlb-pitcher-data/main/data/raw/2026/daily/2026-07-17.parquet,False,2026-07-17,2026-07-18T01:38:00Z,LAA,DET,H,Ryan Zeferjahn,1,0,False,RELIEF_OR_BULK,12,3,3,0,0,0,0,2,0,https://statsapi.mlb.com/api/v1.1/game/824009/feed/live,both,True,True,P,Pitcher,BULLPEN_PITCHER,True,QA_VALIDATED_CANONICAL_V97
672282,86,1,0,42,1,169,Top,824009,https://raw.githubusercontent.com/lancebroz/mlb-pitcher-data/main/data/raw/2026/daily/2026-07-17.parquet,False,2026-07-17,2026-07-18T01:38:00Z,LAA,DET,H,Reid Detmers,1,1,True,STARTER,86,22,18,0,0,4,0,7,0,https://statsapi.mlb.com/api/v1.1/game/824009/feed/live,both,True,True,P,Pitcher,STARTER/OPENER/BULK,True,QA_VALIDATED_CANONICAL_V97
672456,43,6,45,69,181,281,Bot,824009,https://raw.githubusercontent.com/lancebroz/mlb-pitcher-data/main/data/raw/2026/daily/2026-07-17.parquet,False,2026-07-17,2026-07-18T01:38:00Z,DET,LAA,A,Keider Montero,1,0,False,RELIEF_OR_BULK,43,12,10,0,0,1,0,5,0,https://statsapi.mlb.com/api/v1.1/game/824009/feed/live,both,True,True,P,Pitcher,BULLPEN_PITCHER,True,QA_VALIDATED_CANONICAL_V97
675512,94,1,4,44,17,180,Bot,824009,https://raw.githubusercontent.com/lancebroz/mlb-pitcher-data/main/data/raw/2026/daily/2026-07-17.parquet,False,2026-07-17,2026-07-18T01:38:00Z,DET,LAA,A,Troy Melton,1,1,True,STARTER,94,23,17,1,1,4,4,9,0,https://statsapi.mlb.com/api/v1.1/game/824009/feed/live,both,True,True,P,Pitcher,STARTER/OPENER/BULK,True,QA_VALIDATED_CANONICAL_V97
696147,23,8,52,55,207,229,Top,824009,https://raw.githubusercontent.com/lancebroz/mlb-pitcher-data/main/data/raw/2026/daily/2026-07-17.parquet,False,2026-07-17,2026-07-18T01:38:00Z,LAA,DET,H,Sam Bachman,1,0,False,RELIEF_OR_BULK,23,4,3,0,0,1,0,3,0,https://statsapi.mlb.com/api/v1.1/game/824009/feed/live,both,True,True,P,Pitcher,BULLPEN_PITCHER,True,QA_VALIDATED_CANONICAL_V97
696519,3,9,64,64,264,266,Top,824009,https://raw.githubusercontent.com/lancebroz/mlb-pitcher-data/main/data/raw/2026/daily/2026-07-17.parquet,False,2026-07-17,2026-07-18T01:38:00Z,LAA,DET,H,Samy Natera Jr.,1,0,False,RELIEF_OR_BULK,3,1,1,0,0,0,0,0,0,https://statsapi.mlb.com/api/v1.1/game/824009/feed/live,both,True,True,P,Pitcher,BULLPEN_PITCHER,True,QA_VALIDATED_CANONICAL_V97
606996,14,10,81,85,309,322,Bot,824090,https://raw.githubusercontent.com/lancebroz/mlb-pitcher-data/main/data/raw/2026/daily/2026-07-17.parquet,False,2026-07-17,2026-07-18T00:10:00Z,SD,KC,A,Kyle Hart,1,0,False,RELIEF_OR_BULK,14,5,1,4,3,4,0,0,0,https://statsapi.mlb.com/api/v1.1/game/824090/feed/live,both,True,True,P,Pitcher,BULLPEN_PITCHER,True,QA_VALIDATED_CANONICAL_V97
607625,90,1,0,43,1,187,Top,824090,https://raw.githubusercontent.com/lancebroz/mlb-pitcher-data/main/data/raw/2026/daily/2026-07-17.parquet,False,2026-07-17,2026-07-18T00:10:00Z,KC,SD,H,Seth Lugo,1,1,True,STARTER,90,23,18,2,1,4,2,3,0,https://statsapi.mlb.com/api/v1.1/game/824090/feed/live,both,True,True,P,Pitcher,STARTER/OPENER/BULK,True,QA_VALIDATED_CANONICAL_V97
650633,97,1,3,40,10,179,Bot,824090,https://raw.githubusercontent.com/lancebroz/mlb-pitcher-data/main/data/raw/2026/daily/2026-07-17.parquet,False,2026-07-17,2026-07-18T00:10:00Z,SD,KC,A,Michael King,1,1,True,STARTER,97,21,15,1,1,4,2,4,1,https://statsapi.mlb.com/api/v1.1/game/824090/feed/live,both,True,True,P,Pitcher,STARTER/OPENER/BULK,True,QA_VALIDATED_CANONICAL_V97
656638,12,9,65,68,257,268,Top,824090,https://raw.githubusercontent.com/lancebroz/mlb-pitcher-data/main/data/raw/2026/daily/2026-07-17.parquet,False,2026-07-17,2026-07-18T00:10:00Z,KC,SD,H,Alex Lange,1,0,False,RELIEF_OR_BULK,12,4,3,1,1,1,0,0,1,https://statsapi.mlb.com/api/v1.1/game/824090/feed/live,both,True,True,P,Pitcher,BULLPEN_PITCHER,True,QA_VALIDATED_CANONICAL_V97
668674,24,10,75,80,285,308,Top,824090,https://raw.githubusercontent.com/lancebroz/mlb-pitcher-data/main/data/raw/2026/daily/2026-07-17.parquet,False,2026-07-17,2026-07-18T00:10:00Z,KC,SD,H,Lucas Erceg,1,0,False,RELIEF_OR_BULK,24,6,3,3,1,2,0,0,0,https://statsapi.mlb.com/api/v1.1/game/824090/feed/live,both,True,True,P,Pitcher,BULLPEN_PITCHER,True,QA_VALIDATED_CANONICAL_V97
670167,12,8,56,58,230,241,Top,824090,https://raw.githubusercontent.com/lancebroz/mlb-pitcher-data/main/data/raw/2026/daily/2026-07-17.parquet,False,2026-07-17,2026-07-18T00:10:00Z,KC,SD,H,John Schreiber,1,0,False,RELIEF_OR_BULK,12,3,3,0,0,0,0,0,0,https://statsapi.mlb.com/api/v1.1/game/824090/feed/live,both,True,True,P,Pitcher,BULLPEN_PITCHER,True,QA_VALIDATED_CANONICAL_V97
670970,23,7,53,64,222,256,Bot,824090,https://raw.githubusercontent.com/lancebroz/mlb-pitcher-data/main/data/raw/2026/daily/2026-07-17.parquet,False,2026-07-17,2026-07-18T00:10:00Z,SD,KC,A,Adrian Morejon,1,0,False,RELIEF_OR_BULK,23,9,6,1,1,2,1,1,0,https://statsapi.mlb.com/api/v1.1/game/824090/feed/live,both,True,True,P,Pitcher,BULLPEN_PITCHER,True,QA_VALIDATED_CANONICAL_V97
674444,14,7,49,52,208,221,Top,824090,https://raw.githubusercontent.com/lancebroz/mlb-pitcher-data/main/data/raw/2026/daily/2026-07-17.parquet,False,2026-07-17,2026-07-18T00:10:00Z,KC,SD,H,Steven Cruz,1,0,False,RELIEF_OR_BULK,14,4,3,0,0,1,0,1,0,https://statsapi.mlb.com/api/v1.1/game/824090/feed/live,both,True,True,P,Pitcher,BULLPEN_PITCHER,True,QA_VALIDATED_CANONICAL_V97
695243,16,9,69,74,269,284,Bot,824090,https://raw.githubusercontent.com/lancebroz/mlb-pitcher-data/main/data/raw/2026/daily/2026-07-17.parquet,False,2026-07-17,2026-07-18T00:10:00Z,SD,KC,A,Mason Miller,1,0,False,RELIEF_OR_BULK,16,6,3,0,0,2,1,3,0,https://statsapi.mlb.com/api/v1.1/game/824090/feed/live,both,True,True,P,Pitcher,BULLPEN_PITCHER,True,QA_VALIDATED_CANONICAL_V97
699134,20,6,44,48,188,207,Bot,824090,https://raw.githubusercontent.com/lancebroz/mlb-pitcher-data/main/data/raw/2026/daily/2026-07-17.parquet,False,2026-07-17,2026-07-18T00:10:00Z,SD,KC,A,Bradgley Rodriguez,1,0,False,RELIEF_OR_BULK,20,5,3,1,0,1,1,1,0,https://statsapi.mlb.com/api/v1.1/game/824090/feed/live,both,True,True,P,Pitcher,BULLPEN_PITCHER,True,QA_VALIDATED_CANONICAL_V97
552640,16,8,64,67,286,301,Bot,824170,https://raw.githubusercontent.com/lancebroz/mlb-pitcher-data/main/data/raw/2026/daily/2026-07-17.parquet,False,2026-07-17,2026-07-18T00:10:00Z,BAL,HOU,A,Andrew Kittredge,1,0,False,RELIEF_OR_BULK,16,4,3,0,0,0,1,1,0,https://statsapi.mlb.com/api/v1.1/game/824170/feed/live,both,True,True,P,Pitcher,BULLPEN_PITCHER,True,QA_VALIDATED_CANONICAL_V97
595345,16,7,50,52,224,239,Top,824170,https://raw.githubusercontent.com/lancebroz/mlb-pitcher-data/main/data/raw/2026/daily/2026-07-17.parquet,False,2026-07-17,2026-07-18T00:10:00Z,HOU,BAL,H,Steven Okert,1,0,False,RELIEF_OR_BULK,16,3,3,0,0,0,0,2,0,https://statsapi.mlb.com/api/v1.1/game/824170/feed/live,both,True,True,P,Pitcher,BULLPEN_PITCHER,True,QA_VALIDATED_CANONICAL_V97
660853,12,9,68,71,302,313,Top,824170,https://raw.githubusercontent.com/lancebroz/mlb-pitcher-data/main/data/raw/2026/daily/2026-07-17.parquet,False,2026-07-17,2026-07-18T00:10:00Z,HOU,BAL,H,Enyel De Los Santos,1,0,False,RELIEF_OR_BULK,12,3,3,0,0,0,1,0,0,https://statsapi.mlb.com/api/v1.1/game/824170/feed/live,both,True,True,P,Pitcher,BULLPEN_PITCHER,True,QA_VALIDATED_CANONICAL_V97
663567,104,1,0,45,1,208,Top,824170,https://raw.githubusercontent.com/lancebroz/mlb-pitcher-data/main/data/raw/2026/daily/2026-07-17.parquet,False,2026-07-17,2026-07-18T00:10:00Z,HOU,BAL,H,Peter Lambert,1,1,True,STARTER,104,25,18,1,1,3,3,10,0,https://statsapi.mlb.com/api/v1.1/game/824170/feed/live,both,True,True,P,Pitcher,STARTER/OPENER/BULK,True,QA_VALIDATED_CANONICAL_V97
664991,15,7,53,56,240,254,Bot,824170,https://raw.githubusercontent.com/lancebroz/mlb-pitcher-data/main/data/raw/2026/daily/2026-07-17.parquet,False,2026-07-17,2026-07-18T00:10:00Z,BAL,HOU,A,Grant Wolfram,1,0,False,RELIEF_OR_BULK,15,4,1,0,0,1,2,0,0,https://statsapi.mlb.com/api/v1.1/game/824170/feed/live,both,True,True,P,Pitcher,BULLPEN_PITCHER,True,QA_VALIDATED_CANONICAL_V97
665152,83,1,4,35,13,155,Bot,824170,https://raw.githubusercontent.com/lancebroz/mlb-pitcher-data/main/data/raw/2026/daily/2026-07-17.parquet,False,2026-07-17,2026-07-18T00:10:00Z,BAL,HOU,A,Dean Kremer,1,1,True,STARTER,83,17,12,2,2,4,3,5,0,https://statsapi.mlb.com/api/v1.1/game/824170/feed/live,both,True,True,P,Pitcher,STARTER/OPENER/BULK,True,QA_VALIDATED_CANONICAL_V97
669330,29,9,72,76,314,342,Bot,824170,https://raw.githubusercontent.com/lancebroz/mlb-pitcher-data/main/data/raw/2026/daily/2026-07-17.parquet,False,2026-07-17,2026-07-18T00:10:00Z,BAL,HOU,A,Tyler Wells,1,0,False,RELIEF_OR_BULK,29,5,3,0,0,1,1,1,0,https://statsapi.mlb.com/api/v1.1/game/824170/feed/live,both,True,True,P,Pitcher,BULLPEN_PITCHER,True,QA_VALIDATED_CANONICAL_V97
676742,14,7,57,58,255,268,Bot,824170,https://raw.githubusercontent.com/lancebroz/mlb-pitcher-data/main/data/raw/2026/daily/2026-07-17.parquet,False,2026-07-17,2026-07-18T00:10:00Z,BAL,HOU,A,Cam Sanders,1,0,False,RELIEF_OR_BULK,14,2,2,0,0,0,0,1,0,https://statsapi.mlb.com/api/v1.1/game/824170/feed/live,both,True,True,P,Pitcher,BULLPEN_PITCHER,True,QA_VALIDATED_CANONICAL_V97
687911,17,8,59,63,269,285,Top,824170,https://raw.githubusercontent.com/lancebroz/mlb-pitcher-data/main/data/raw/2026/daily/2026-07-17.parquet,False,2026-07-17,2026-07-18T00:10:00Z,HOU,BAL,H,Bryan King,1,0,False,RELIEF_OR_BULK,17,5,3,2,2,2,0,1,1,https://statsapi.mlb.com/api/v1.1/game/824170/feed/live,both,True,True,P,Pitcher,BULLPEN_PITCHER,True,QA_VALIDATED_CANONICAL_V97
689296,36,5,39,49,167,223,Bot,824170,https://raw.githubusercontent.com/lancebroz/mlb-pitcher-data/main/data/raw/2026/daily/2026-07-17.parquet,False,2026-07-17,2026-07-18T00:10:00Z,BAL,HOU,A,Anthony Nunez,1,0,False,RELIEF_OR_BULK,36,8,6,0,0,0,2,0,0,https://statsapi.mlb.com/api/v1.1/game/824170/feed/live,both,True,True,P,Pitcher,BULLPEN_PITCHER,True,QA_VALIDATED_CANONICAL_V97
622088,11,9,71,74,254,264,Bot,824332,https://raw.githubusercontent.com/lancebroz/mlb-pitcher-data/main/data/raw/2026/daily/2026-07-17.parquet,False,2026-07-17,2026-07-18T00:40:00Z,CIN,COL,A,Tejay Antone,1,0,False,RELIEF_OR_BULK,11,4,3,0,0,1,0,1,0,https://statsapi.mlb.com/api/v1.1/game/824332/feed/live,both,True,True,P,Pitcher,BULLPEN_PITCHER,True,QA_VALIDATED_CANONICAL_V97
623474,14,6,40,43,149,162,Top,824332,https://raw.githubusercontent.com/lancebroz/mlb-pitcher-data/main/data/raw/2026/daily/2026-07-17.parquet,False,2026-07-17,2026-07-18T00:40:00Z,COL,CIN,H,Jimmy Herget,1,0,False,RELIEF_OR_BULK,14,4,2,2,2,2,0,1,2,https://statsapi.mlb.com/api/v1.1/game/824332/feed/live,both,True,True,P,Pitcher,BULLPEN_PITCHER,True,QA_VALIDATED_CANONICAL_V97
656271,19,8,62,66,222,240,Bot,824332,https://raw.githubusercontent.com/lancebroz/mlb-pitcher-data/main/data/raw/2026/daily/2026-07-17.parquet,False,2026-07-17,2026-07-18T00:40:00Z,CIN,COL,A,Brock Burke,1,0,False,RELIEF_OR_BULK,19,5,3,0,0,1,0,1,0,https://statsapi.mlb.com/api/v1.1/game/824332/feed/live,both,True,True,P,Pitcher,BULLPEN_PITCHER,True,QA_VALIDATED_CANONICAL_V97
663903,96,1,5,56,22,204,Bot,824332,https://raw.githubusercontent.com/lancebroz/mlb-pitcher-data/main/data/raw/2026/daily/2026-07-17.parquet,False,2026-07-17,2026-07-18T00:40:00Z,CIN,COL,A,Brady Singer,1,1,True,STARTER,96,26,21,2,2,4,0,6,1,https://statsapi.mlb.com/api/v1.1/game/824332/feed/live,both,True,True,P,Pitcher,STARTER/OPENER/BULK,True,QA_VALIDATED_CANONICAL_V97
676105,30,8,57,70,205,253,Top,824332,https://raw.githubusercontent.com/lancebroz/mlb-pitcher-data/main/data/raw/2026/daily/2026-07-17.parquet,False,2026-07-17,2026-07-18T00:40:00Z,COL,CIN,H,Jeff Criswell,1,0,False,RELIEF_OR_BULK,30,9,6,2,2,3,1,1,2,https://statsapi.mlb.com/api/v1.1/game/824332/feed/live,both,True,True,P,Pitcher,BULLPEN_PITCHER,True,QA_VALIDATED_CANONICAL_V97
680767,12,7,48,52,177,188,Top,824332,https://raw.githubusercontent.com/lancebroz/mlb-pitcher-data/main/data/raw/2026/daily/2026-07-17.parquet,False,2026-07-17,2026-07-18T00:40:00Z,COL,CIN,H,Victor Vodnik,1,0,False,RELIEF_OR_BULK,12,5,3,1,0,1,0,1,0,https://statsapi.mlb.com/api/v1.1/game/824332/feed/live,both,True,True,P,Pitcher,BULLPEN_PITCHER,True,QA_VALIDATED_CANONICAL_V97
687312,82,1,0,39,1,148,Top,824332,https://raw.githubusercontent.com/lancebroz/mlb-pitcher-data/main/data/raw/2026/daily/2026-07-17.parquet,False,2026-07-17,2026-07-18T00:40:00Z,COL,CIN,H,Gabriel Hughes,1,1,True,STARTER,82,21,16,2,2,5,2,6,0,https://statsapi.mlb.com/api/v1.1/game/824332/feed/live,both,True,True,P,Pitcher,STARTER/OPENER/BULK,True,QA_VALIDATED_CANONICAL_V97
519141,21,7,49,52,196,216,Top,824655,https://raw.githubusercontent.com/lancebroz/mlb-pitcher-data/main/data/raw/2026/daily/2026-07-17.parquet,False,2026-07-17,2026-07-18T00:05:00Z,CHC,MIN,H,Drew Pomeranz,1,0,False,RELIEF_OR_BULK,21,4,1,1,1,1,2,0,0,https://statsapi.mlb.com/api/v1.1/game/824655/feed/live,both,True,True,P,Pitcher,BULLPEN_PITCHER,True,QA_VALIDATED_CANONICAL_V97
573124,2,7,57,57,234,235,Bot,824655,https://raw.githubusercontent.com/lancebroz/mlb-pitcher-data/main/data/raw/2026/daily/2026-07-17.parquet,False,2026-07-17,2026-07-18T00:05:00Z,MIN,CHC,A,Taylor Rogers,1,0,False,RELIEF_OR_BULK,2,1,1,0,0,0,0,0,0,https://statsapi.mlb.com/api/v1.1/game/824655/feed/live,both,True,True,P,Pitcher,BULLPEN_PITCHER,True,QA_VALIDATED_CANONICAL_V97
607067,91,1,0,42,1,169,Top,824655,https://raw.githubusercontent.com/lancebroz/mlb-pitcher-data/main/data/raw/2026/daily/2026-07-17.parquet,False,2026-07-17,2026-07-18T00:05:00Z,CHC,MIN,H,Colin Rea,1,1,True,STARTER,91,24,18,4,3,5,1,6,1,https://statsapi.mlb.com/api/v1.1/game/824655/feed/live,both,True,True,P,Pitcher,STARTER/OPENER/BULK,True,QA_VALIDATED_CANONICAL_V97
621053,7,9,65,67,265,271,Top,824655,https://raw.githubusercontent.com/lancebroz/mlb-pitcher-data/main/data/raw/2026/daily/2026-07-17.parquet,False,2026-07-17,2026-07-18T00:05:00Z,CHC,MIN,H,Tyler Ferguson,1,0,False,RELIEF_OR_BULK,7,3,3,0,0,0,0,1,0,https://statsapi.mlb.com/api/v1.1/game/824655/feed/live,both,True,True,P,Pitcher,BULLPEN_PITCHER,True,QA_VALIDATED_CANONICAL_V97
641927,88,1,4,44,19,179,Bot,824655,https://raw.githubusercontent.com/lancebroz/mlb-pitcher-data/main/data/raw/2026/daily/2026-07-17.parquet,False,2026-07-17,2026-07-18T00:05:00Z,MIN,CHC,A,Bailey Ober,1,1,True,STARTER,88,21,16,2,2,5,2,7,0,https://statsapi.mlb.com/api/v1.1/game/824655/feed/live,both,True,True,P,Pitcher,STARTER/OPENER/BULK,True,QA_VALIDATED_CANONICAL_V97
667297,25,6,45,56,180,233,Bot,824655,https://raw.githubusercontent.com/lancebroz/mlb-pitcher-data/main/data/raw/2026/daily/2026-07-17.parquet,False,2026-07-17,2026-07-18T00:05:00Z,MIN,CHC,A,Tommy Nance,1,0,False,RELIEF_OR_BULK,25,6,4,0,0,1,1,1,0,https://statsapi.mlb.com/api/v1.1/game/824655/feed/live,both,True,True,P,Pitcher,BULLPEN_PITCHER,True,QA_VALIDATED_CANONICAL_V97
668970,8,7,53,54,217,224,Top,824655,https://raw.githubusercontent.com/lancebroz/mlb-pitcher-data/main/data/raw/2026/daily/2026-07-17.parquet,False,2026-07-17,2026-07-18T00:05:00Z,CHC,MIN,H,Gavin Hollowell,1,0,False,RELIEF_OR_BULK,8,2,2,0,0,0,0,2,0,https://statsapi.mlb.com/api/v1.1/game/824655/feed/live,both,True,True,P,Pitcher,BULLPEN_PITCHER,True,QA_VALIDATED_CANONICAL_V97
669020,15,8,58,61,236,250,Top,824655,https://raw.githubusercontent.com/lancebroz/mlb-pitcher-data/main/data/raw/2026/daily/2026-07-17.parquet,False,2026-07-17,2026-07-18T00:05:00Z,CHC,MIN,H,Ryan Rolison,1,0,False,RELIEF_OR_BULK,15,3,3,0,0,1,0,1,0,https://statsapi.mlb.com/api/v1.1/game/824655/feed/live,both,True,True,P,Pitcher,BULLPEN_PITCHER,True,QA_VALIDATED_CANONICAL_V97
672782,22,9,68,71,272,293,Bot,824655,https://raw.githubusercontent.com/lancebroz/mlb-pitcher-data/main/data/raw/2026/daily/2026-07-17.parquet,False,2026-07-17,2026-07-18T00:05:00Z,MIN,CHC,A,Yoendrys Gómez,1,0,False,RELIEF_OR_BULK,22,4,3,0,0,0,1,1,0,https://statsapi.mlb.com/api/v1.1/game/824655/feed/live,both,True,True,P,Pitcher,BULLPEN_PITCHER,True,QA_VALIDATED_CANONICAL_V97
702193,14,8,62,64,251,264,Bot,824655,https://raw.githubusercontent.com/lancebroz/mlb-pitcher-data/main/data/raw/2026/daily/2026-07-17.parquet,False,2026-07-17,2026-07-18T00:05:00Z,MIN,CHC,A,Andrew Morris,1,0,False,RELIEF_OR_BULK,14,3,3,0,0,0,0,0,0,https://statsapi.mlb.com/api/v1.1/game/824655/feed/live,both,True,True,P,Pitcher,BULLPEN_PITCHER,True,QA_VALIDATED_CANONICAL_V97
518886,20,6,50,53,184,203,Bot,824737,https://raw.githubusercontent.com/lancebroz/mlb-pitcher-data/main/data/raw/2026/daily/2026-07-17.parquet,False,2026-07-17,2026-07-17T23:10:00Z,TB,BOS,A,Craig Kimbrel,1,0,False,RELIEF_OR_BULK,20,4,3,0,0,0,1,1,0,https://statsapi.mlb.com/api/v1.1/game/824737/feed/live,both,True,True,P,Pitcher,BULLPEN_PITCHER,True,QA_VALIDATED_CANONICAL_V97
547973,13,9,67,69,251,263,Top,824737,https://raw.githubusercontent.com/lancebroz/mlb-pitcher-data/main/data/raw/2026/daily/2026-07-17.parquet,False,2026-07-17,2026-07-17T23:10:00Z,BOS,TB,H,Aroldis Chapman,1,0,False,RELIEF_OR_BULK,13,3,3,0,0,0,0,2,0,https://statsapi.mlb.com/api/v1.1/game/824737/feed/live,both,True,True,P,Pitcher,BULLPEN_PITCHER,True,QA_VALIDATED_CANONICAL_V97
592155,8,8,64,66,243,250,Bot,824737,https://raw.githubusercontent.com/lancebroz/mlb-pitcher-data/main/data/raw/2026/daily/2026-07-17.parquet,False,2026-07-17,2026-07-17T23:10:00Z,TB,BOS,A,Cam Booser,1,0,False,RELIEF_OR_BULK,8,3,3,0,0,0,0,0,0,https://statsapi.mlb.com/api/v1.1/game/824737/feed/live,both,True,True,P,Pitcher,BULLPEN_PITCHER,True,QA_VALIDATED_CANONICAL_V97
594027,13,6,46,49,171,183,Top,824737,https://raw.githubusercontent.com/lancebroz/mlb-pitcher-data/main/data/raw/2026/daily/2026-07-17.parquet,False,2026-07-17,2026-07-17T23:10:00Z,BOS,TB,H,Tyron Guerrero,1,0,False,RELIEF_OR_BULK,13,4,3,0,0,1,0,1,0,https://statsapi.mlb.com/api/v1.1/game/824737/feed/live,both,True,True,P,Pitcher,BULLPEN_PITCHER,True,QA_VALIDATED_CANONICAL_V97
642121,15,7,57,60,216,230,Bot,824737,https://raw.githubusercontent.com/lancebroz/mlb-pitcher-data/main/data/raw/2026/daily/2026-07-17.parquet,False,2026-07-17,2026-07-17T23:10:00Z,TB,BOS,A,Cole Sulser,1,0,False,RELIEF_OR_BULK,15,4,3,0,0,0,1,1,0,https://statsapi.mlb.com/api/v1.1/game/824737/feed/live,both,True,True,P,Pitcher,BULLPEN_PITCHER,True,QA_VALIDATED_CANONICAL_V97
663558,11,4,32,42,131,163,Top,824737,https://raw.githubusercontent.com/lancebroz/mlb-pitcher-data/main/data/raw/2026/daily/2026-07-17.parquet,False,2026-07-17,2026-07-17T23:10:00Z,BOS,TB,H,Jovani Morán,1,0,False,RELIEF_OR_BULK,11,6,6,0,0,0,0,0,0,https://statsapi.mlb.com/api/v1.1/game/824737/feed/live,both,True,True,P,Pitcher,BULLPEN_PITCHER,True,QA_VALIDATED_CANONICAL_V97
669438,88,1,7,45,37,170,Bot,824737,https://raw.githubusercontent.com/lancebroz/mlb-pitcher-data/main/data/raw/2026/daily/2026-07-17.parquet,False,2026-07-17,2026-07-17T23:10:00Z,TB,BOS,A,Mason Englert,1,1,True,STARTER,88,23,15,5,5,8,1,4,3,https://statsapi.mlb.com/api/v1.1/game/824737/feed/live,both,True,True,P,Pitcher,STARTER/OPENER/BULK,True,QA_VALIDATED_CANONICAL_V97
669711,7,3,23,31,112,130,Top,824737,https://raw.githubusercontent.com/lancebroz/mlb-pitcher-data/main/data/raw/2026/daily/2026-07-17.parquet,False,2026-07-17,2026-07-17T23:10:00Z,BOS,TB,H,Greg Weissert,1,0,False,RELIEF_OR_BULK,7,4,2,0,0,2,0,0,0,https://statsapi.mlb.com/api/v1.1/game/824737/feed/live,both,True,True,P,Pitcher,BULLPEN_PITCHER,True,QA_VALIDATED_CANONICAL_V97
676477,12,7,54,56,204,215,Top,824737,https://raw.githubusercontent.com/lancebroz/mlb-pitcher-data/main/data/raw/2026/daily/2026-07-17.parquet,False,2026-07-17,2026-07-17T23:10:00Z,BOS,TB,H,Garrett Whitlock,1,0,False,RELIEF_OR_BULK,12,3,3,0,0,1,0,1,0,https://statsapi.mlb.com/api/v1.1/game/824737/feed/live,both,True,True,P,Pitcher,BULLPEN_PITCHER,True,QA_VALIDATED_CANONICAL_V97
686580,12,8,61,63,231,242,Top,824737,https://raw.githubusercontent.com/lancebroz/mlb-pitcher-data/main/data/raw/2026/daily/2026-07-17.parquet,False,2026-07-17,2026-07-17T23:10:00Z,BOS,TB,H,Justin Slaten,1,0,False,RELIEF_OR_BULK,12,3,3,0,0,0,0,1,0,https://statsapi.mlb.com/api/v1.1/game/824737/feed/live,both,True,True,P,Pitcher,BULLPEN_PITCHER,True,QA_VALIDATED_CANONICAL_V97
700842,64,1,0,22,1,111,Top,824737,https://raw.githubusercontent.com/lancebroz/mlb-pitcher-data/main/data/raw/2026/daily/2026-07-17.parquet,False,2026-07-17,2026-07-17T23:10:00Z,BOS,TB,H,Eduardo Rivera,1,1,True,STARTER,64,12,7,3,3,3,2,3,1,https://statsapi.mlb.com/api/v1.1/game/824737/feed/live,both,True,True,P,Pitcher,STARTER/OPENER/BULK,True,QA_VALIDATED_CANONICAL_V97
643377,85,1,4,45,19,150,Bot,824766,https://raw.githubusercontent.com/lancebroz/mlb-pitcher-data/main/data/raw/2026/daily/2026-07-17.parquet,False,2026-07-17,2026-07-17T17:35:00Z,TB,BOS,A,Griffin Jax,1,1,True,STARTER,85,25,15,7,7,8,1,6,1,https://statsapi.mlb.com/api/v1.1/game/824766/feed/live,both,True,True,P,Pitcher,STARTER/OPENER/BULK,True,QA_VALIDATED_CANONICAL_V97
687562,65,1,0,41,1,136,Top,824766,https://raw.githubusercontent.com/lancebroz/mlb-pitcher-data/main/data/raw/2026/daily/2026-07-17.parquet,False,2026-07-17,2026-07-17T17:35:00Z,BOS,TB,H,Jake Bennett,1,1,True,STARTER,65,21,18,0,0,1,1,3,0,https://statsapi.mlb.com/api/v1.1/game/824766/feed/live,both,True,True,P,Pitcher,STARTER/OPENER/BULK,True,QA_VALIDATED_CANONICAL_V97
687941,43,7,53,72,175,248,Top,824766,https://raw.githubusercontent.com/lancebroz/mlb-pitcher-data/main/data/raw/2026/daily/2026-07-17.parquet,False,2026-07-17,2026-07-17T17:35:00Z,BOS,TB,H,Alec Gamboa,1,0,False,RELIEF_OR_BULK,43,11,9,0,0,2,0,1,0,https://statsapi.mlb.com/api/v1.1/game/824766/feed/live,both,True,True,P,Pitcher,BULLPEN_PITCHER,True,QA_VALIDATED_CANONICAL_V97
688297,39,6,46,59,151,203,Bot,824766,https://raw.githubusercontent.com/lancebroz/mlb-pitcher-data/main/data/raw/2026/daily/2026-07-17.parquet,False,2026-07-17,2026-07-17T17:35:00Z,TB,BOS,A,Chris Roycroft,1,0,False,RELIEF_OR_BULK,39,11,6,3,3,5,1,2,1,https://statsapi.mlb.com/api/v1.1/game/824766/feed/live,both,True,True,P,Pitcher,BULLPEN_PITCHER,True,QA_VALIDATED_CANONICAL_V97
810938,16,8,64,68,221,236,Bot,824766,https://raw.githubusercontent.com/lancebroz/mlb-pitcher-data/main/data/raw/2026/daily/2026-07-17.parquet,False,2026-07-17,2026-07-17T17:35:00Z,TB,BOS,A,Ben Williamson,1,0,False,RELIEF_OR_BULK,16,5,3,0,0,2,0,0,0,https://statsapi.mlb.com/api/v1.1/game/824766/feed/live,both,True,True,2B,Second Base,POSITION_PLAYER_PITCHING,True,EXCLUIR_POSITION_PLAYER_PITCHING
519242,89,1,0,56,1,223,Top,824901,https://raw.githubusercontent.com/lancebroz/mlb-pitcher-data/main/data/raw/2026/daily/2026-07-17.parquet,False,2026-07-17,2026-07-17T23:15:00Z,ATL,TEX,H,Chris Sale,1,1,True,STARTER,89,23,21,0,0,2,0,6,0,https://statsapi.mlb.com/api/v1.1/game/824901/feed/live,both,True,True,P,Pitcher,STARTER/OPENER/BULK,True,QA_VALIDATED_CANONICAL_V97
543309,22,8,71,77,288,309,Bot,824901,https://raw.githubusercontent.com/lancebroz/mlb-pitcher-data/main/data/raw/2026/daily/2026-07-17.parquet,False,2026-07-17,2026-07-17T23:15:00Z,TEX,ATL,A,Kyle Higashioka,1,0,False,RELIEF_OR_BULK,22,7,3,3,3,3,1,0,1,https://statsapi.mlb.com/api/v1.1/game/824901/feed/live,both,True,True,C,Catcher,POSITION_PLAYER_PITCHING,True,EXCLUIR_POSITION_PLAYER_PITCHING
615698,86,1,3,35,13,135,Bot,824901,https://raw.githubusercontent.com/lancebroz/mlb-pitcher-data/main/data/raw/2026/daily/2026-07-17.parquet,False,2026-07-17,2026-07-17T23:15:00Z,TEX,ATL,A,Cal Quantrill,1,1,True,STARTER,86,23,12,6,6,11,1,3,2,https://statsapi.mlb.com/api/v1.1/game/824901/feed/live,both,True,True,P,Pitcher,STARTER/OPENER/BULK,True,QA_VALIDATED_CANONICAL_V97
682989,34,8,65,80,266,321,Top,824901,https://raw.githubusercontent.com/lancebroz/mlb-pitcher-data/main/data/raw/2026/daily/2026-07-17.parquet,False,2026-07-17,2026-07-17T23:15:00Z,ATL,TEX,H,Victor Mederos,1,0,False,RELIEF_OR_BULK,34,9,6,1,1,3,0,1,0,https://statsapi.mlb.com/api/v1.1/game/824901/feed/live,both,True,True,P,Pitcher,BULLPEN_PITCHER,True,QA_VALIDATED_CANONICAL_V97
686560,41,6,52,63,202,259,Bot,824901,https://raw.githubusercontent.com/lancebroz/mlb-pitcher-data/main/data/raw/2026/daily/2026-07-17.parquet,False,2026-07-17,2026-07-17T23:15:00Z,TEX,ATL,A,Gavin Collyer,1,0,False,RELIEF_OR_BULK,41,8,3,4,4,2,2,1,0,https://statsapi.mlb.com/api/v1.1/game/824901/feed/live,both,True,True,P,Pitcher,BULLPEN_PITCHER,True,QA_VALIDATED_CANONICAL_V97
687239,6,7,64,64,260,265,Bot,824901,https://raw.githubusercontent.com/lancebroz/mlb-pitcher-data/main/data/raw/2026/daily/2026-07-17.parquet,False,2026-07-17,2026-07-17T23:15:00Z,TEX,ATL,A,Ben Peoples,1,0,False,RELIEF_OR_BULK,6,1,1,0,0,0,0,0,0,https://statsapi.mlb.com/api/v1.1/game/824901/feed/live,both,True,True,P,Pitcher,BULLPEN_PITCHER,True,QA_VALIDATED_CANONICAL_V97
693713,43,5,39,51,151,201,Bot,824901,https://raw.githubusercontent.com/lancebroz/mlb-pitcher-data/main/data/raw/2026/daily/2026-07-17.parquet,False,2026-07-17,2026-07-17T23:15:00Z,TEX,ATL,A,Emiliano Teodo,1,0,False,RELIEF_OR_BULK,43,10,5,2,2,3,2,1,0,https://statsapi.mlb.com/api/v1.1/game/824901/feed/live,both,True,True,P,Pitcher,BULLPEN_PITCHER,True,QA_VALIDATED_CANONICAL_V97
660761,20,4,28,37,215,370,Top,824981,https://baseballsavant.mlb.com/statcast_search/csv?all=true&type=details&game_pk=824981,True,2026-07-17,2026-07-18T01:40:00Z,ATH,WSH,H,José Suarez,1,0,False,RELIEF_OR_BULK,20,5,3,2,2,2,0,1,1,https://statsapi.mlb.com/api/v1.1/game/824981/feed/live,both,True,True,P,Pitcher,BULLPEN_PITCHER,True,QA_VALIDATED_CANONICAL_V97
666126,23,9,77,84,196,367,Top,824981,https://baseballsavant.mlb.com/statcast_search/csv?all=true&type=details&game_pk=824981,True,2026-07-17,2026-07-18T01:40:00Z,ATH,WSH,H,Carlos Cortes,1,0,False,RELIEF_OR_BULK,23,8,3,5,5,4,1,0,1,https://statsapi.mlb.com/api/v1.1/game/824981/feed/live,both,True,True,RF,Outfielder,POSITION_PLAYER_PITCHING,True,EXCLUIR_POSITION_PLAYER_PITCHING
669620,12,8,70,72,266,368,Top,824981,https://baseballsavant.mlb.com/statcast_search/csv?all=true&type=details&game_pk=824981,True,2026-07-17,2026-07-18T01:40:00Z,ATH,WSH,H,Brady Basso,1,0,False,RELIEF_OR_BULK,12,3,3,0,0,0,0,2,0,https://statsapi.mlb.com/api/v1.1/game/824981/feed/live,both,True,True,P,Pitcher,BULLPEN_PITCHER,True,QA_VALIDATED_CANONICAL_V97
676917,95,1,4,56,1,369,Bot,824981,https://baseballsavant.mlb.com/statcast_search/csv?all=true&type=details&game_pk=824981,True,2026-07-17,2026-07-18T01:40:00Z,WSH,ATH,A,Cade Cavalli,1,1,True,STARTER,95,21,18,2,2,4,0,9,1,https://statsapi.mlb.com/api/v1.1/game/824981/feed/live,both,True,True,P,Pitcher,STARTER/OPENER/BULK,True,QA_VALIDATED_CANONICAL_V97
678391,10,9,85,90,284,371,Bot,824981,https://baseballsavant.mlb.com/statcast_search/csv?all=true&type=details&game_pk=824981,True,2026-07-17,2026-07-18T01:40:00Z,WSH,ATH,A,Jorbit Vivas,1,0,False,RELIEF_OR_BULK,10,6,3,2,1,3,0,0,1,https://statsapi.mlb.com/api/v1.1/game/824981/feed/live,both,True,True,3B,Third Base,POSITION_PLAYER_PITCHING,True,EXCLUIR_POSITION_PLAYER_PITCHING
683000,47,7,65,76,92,365,Bot,824981,https://baseballsavant.mlb.com/statcast_search/csv?all=true&type=details&game_pk=824981,True,2026-07-17,2026-07-18T01:40:00Z,WSH,ATH,A,Riley Cornelio,1,0,False,RELIEF_OR_BULK,47,9,6,0,0,2,1,5,0,https://statsapi.mlb.com/api/v1.1/game/824981/feed/live,both,True,True,P,Pitcher,BULLPEN_PITCHER,True,QA_VALIDATED_CANONICAL_V97
686993,30,5,38,47,157,366,Top,824981,https://baseballsavant.mlb.com/statcast_search/csv?all=true&type=details&game_pk=824981,True,2026-07-17,2026-07-18T01:40:00Z,ATH,WSH,H,Justin Sterner,1,0,False,RELIEF_OR_BULK,30,7,1,6,6,4,2,0,1,https://statsapi.mlb.com/api/v1.1/game/824981/feed/live,both,True,True,P,Pitcher,BULLPEN_PITCHER,True,QA_VALIDATED_CANONICAL_V97
695611,87,1,1,27,10,364,Top,824981,https://baseballsavant.mlb.com/statcast_search/csv?all=true&type=details&game_pk=824981,True,2026-07-17,2026-07-18T01:40:00Z,ATH,WSH,H,Gage Jump,1,1,True,STARTER,87,17,11,4,3,4,2,8,0,https://statsapi.mlb.com/api/v1.1/game/824981/feed/live,both,True,True,P,Pitcher,STARTER/OPENER/BULK,True,QA_VALIDATED_CANONICAL_V97
814305,47,6,48,64,89,363,Top,824981,https://baseballsavant.mlb.com/statcast_search/csv?all=true&type=details&game_pk=824981,True,2026-07-17,2026-07-18T01:40:00Z,ATH,WSH,H,Yunior Tur,1,0,False,RELIEF_OR_BULK,47,14,6,6,6,7,1,2,1,https://statsapi.mlb.com/api/v1.1/game/824981/feed/live,both,True,True,P,Pitcher,BULLPEN_PITCHER,True,QA_VALIDATED_CANONICAL_V97
518876,87,1,0,36,1,137,Top,825060,https://raw.githubusercontent.com/lancebroz/mlb-pitcher-data/main/data/raw/2026/daily/2026-07-17.parquet,False,2026-07-17,2026-07-18T01:40:00Z,AZ,STL,H,Merrill Kelly,1,1,True,STARTER,87,21,15,3,1,4,2,3,1,https://statsapi.mlb.com/api/v1.1/game/825060/feed/live,both,True,True,P,Pitcher,STARTER/OPENER/BULK,True,QA_VALIDATED_CANONICAL_V97
623149,17,9,67,70,261,277,Top,825060,https://raw.githubusercontent.com/lancebroz/mlb-pitcher-data/main/data/raw/2026/daily/2026-07-17.parquet,False,2026-07-17,2026-07-18T01:40:00Z,AZ,STL,H,Paul Sewald,1,0,False,RELIEF_OR_BULK,17,4,1,1,0,1,1,0,0,https://statsapi.mlb.com/api/v1.1/game/825060/feed/live,both,True,True,P,Pitcher,BULLPEN_PITCHER,True,QA_VALIDATED_CANONICAL_V97
656464,8,7,50,52,187,194,Top,825060,https://raw.githubusercontent.com/lancebroz/mlb-pitcher-data/main/data/raw/2026/daily/2026-07-17.parquet,False,2026-07-17,2026-07-18T01:40:00Z,AZ,STL,H,Kevin Ginkel,1,0,False,RELIEF_OR_BULK,8,3,3,0,0,1,0,0,0,https://statsapi.mlb.com/api/v1.1/game/825060/feed/live,both,True,True,P,Pitcher,BULLPEN_PITCHER,True,QA_VALIDATED_CANONICAL_V97
664199,15,6,42,46,159,173,Top,825060,https://raw.githubusercontent.com/lancebroz/mlb-pitcher-data/main/data/raw/2026/daily/2026-07-17.parquet,False,2026-07-17,2026-07-18T01:40:00Z,AZ,STL,H,Taylor Clarke,1,0,False,RELIEF_OR_BULK,15,5,3,0,0,1,1,0,0,https://statsapi.mlb.com/api/v1.1/game/825060/feed/live,both,True,True,P,Pitcher,BULLPEN_PITCHER,True,QA_VALIDATED_CANONICAL_V97
666277,14,7,55,56,205,218,Bot,825060,https://raw.githubusercontent.com/lancebroz/mlb-pitcher-data/main/data/raw/2026/daily/2026-07-17.parquet,False,2026-07-17,2026-07-18T01:40:00Z,STL,AZ,A,George Soriano,1,0,False,RELIEF_OR_BULK,14,2,2,0,0,0,0,1,0,https://statsapi.mlb.com/api/v1.1/game/825060/feed/live,both,True,True,P,Pitcher,BULLPEN_PITCHER,True,QA_VALIDATED_CANONICAL_V97
666661,24,8,57,61,219,242,Top,825060,https://raw.githubusercontent.com/lancebroz/mlb-pitcher-data/main/data/raw/2026/daily/2026-07-17.parquet,False,2026-07-17,2026-07-18T01:40:00Z,AZ,STL,H,Juan Morillo,1,0,False,RELIEF_OR_BULK,24,5,3,1,1,1,1,1,0,https://statsapi.mlb.com/api/v1.1/game/825060/feed/live,both,True,True,P,Pitcher,BULLPEN_PITCHER,True,QA_VALIDATED_CANONICAL_V97
676617,16,9,73,76,286,301,Bot,825060,https://raw.githubusercontent.com/lancebroz/mlb-pitcher-data/main/data/raw/2026/daily/2026-07-17.parquet,False,2026-07-17,2026-07-18T01:40:00Z,STL,AZ,A,Riley O'Brien,1,0,False,RELIEF_OR_BULK,16,4,3,0,0,1,1,1,0,https://statsapi.mlb.com/api/v1.1/game/825060/feed/live,both,True,True,P,Pitcher,BULLPEN_PITCHER,True,QA_VALIDATED_CANONICAL_V97
700241,94,1,7,54,29,204,Bot,825060,https://raw.githubusercontent.com/lancebroz/mlb-pitcher-data/main/data/raw/2026/daily/2026-07-17.parquet,False,2026-07-17,2026-07-18T01:40:00Z,STL,AZ,A,Michael McGreevy,1,1,True,STARTER,94,26,19,2,1,6,1,5,1,https://statsapi.mlb.com/api/v1.1/game/825060/feed/live,both,True,True,P,Pitcher,STARTER/OPENER/BULK,True,QA_VALIDATED_CANONICAL_V97
703725,18,8,62,66,243,260,Bot,825060,https://raw.githubusercontent.com/lancebroz/mlb-pitcher-data/main/data/raw/2026/daily/2026-07-17.parquet,False,2026-07-17,2026-07-18T01:40:00Z,STL,AZ,A,Luis Gastelum,1,0,False,RELIEF_OR_BULK,18,5,3,2,2,1,1,1,1,https://statsapi.mlb.com/api/v1.1/game/825060/feed/live,both,True,True,P,Pitcher,BULLPEN_PITCHER,True,QA_VALIDATED_CANONICAL_V97
805299,8,9,71,72,278,285,Top,825060,https://raw.githubusercontent.com/lancebroz/mlb-pitcher-data/main/data/raw/2026/daily/2026-07-17.parquet,False,2026-07-17,2026-07-18T01:40:00Z,AZ,STL,H,Brandyn Garcia,1,0,False,RELIEF_OR_BULK,8,2,2,0,0,0,0,1,0,https://statsapi.mlb.com/api/v1.1/game/825060/feed/live,both,True,True,P,Pitcher,BULLPEN_PITCHER,True,QA_VALIDATED_CANONICAL_V97
