PERIOD,GAME_PK,RESP_PITCHER,CLASS,INNING
2024,745848,500779,STARTER,4
2024,745848,500779,STARTER,5
2024,745848,605347,BULLPEN,7
2024,745850,622663,STARTER,1
2024,745850,622663,STARTER,1
2024,745850,622663,STARTER,1
2024,745850,622663,STARTER,3
2024,745850,622663,STARTER,3
2024,745850,622663,STARTER,5
2024,745850,493603,BULLPEN,8
2024,745845,656731,STARTER,1
2024,745845,656731,STARTER,2
2024,745845,670990,BULLPEN,5
2024,745845,670990,BULLPEN,6
2024,746009,686973,STARTER,2
2024,746009,686973,STARTER,3
2024,746009,686973,STARTER,3
2024,746008,663978,STARTER,2
2024,746008,663978,STARTER,4
2024,746008,650960,BULLPEN,5
2024,746007,669302,STARTER,2
2024,746007,669302,STARTER,2
2024,746007,669302,STARTER,4
2024,746007,669302,STARTER,6
2024,746007,592773,BULLPEN,8
2024,746007,662253,BULLPEN,9
2024,746006,608723,BULLPEN,8
2024,746006,608723,BULLPEN,8
2024,746006,608723,BULLPEN,8
2024,746003,676106,STARTER,1
2024,746003,676106,STARTER,1
2024,746003,676106,STARTER,1
2024,746003,676106,STARTER,2
2024,746003,676106,STARTER,2
2024,746003,676106,STARTER,2
2024,746003,676106,STARTER,4
2024,746003,676106,STARTER,4
2024,746003,676092,BULLPEN,4
2024,746003,676092,BULLPEN,4
2024,746003,668942,BULLPEN,8
2024,746003,668942,BULLPEN,8
2024,746735,668933,STARTER,5
2024,746735,668933,STARTER,5
2024,746735,668933,STARTER,5
2024,746735,668933,STARTER,6
2024,746735,668933,STARTER,6
2024,746735,668933,STARTER,6
2024,746735,458677,BULLPEN,7
2024,746735,458677,BULLPEN,7
2024,746732,593423,STARTER,3
2024,746732,593423,STARTER,3
2024,746732,593423,STARTER,3
2024,746732,593423,STARTER,5
2024,746732,593423,STARTER,5
2024,746732,686730,BULLPEN,6
2024,746732,686730,BULLPEN,7
2024,746732,686730,BULLPEN,7
2024,746732,686730,BULLPEN,7
2024,746728,668881,STARTER,1
2024,746728,668881,STARTER,1
2024,746728,668881,STARTER,2
2024,746728,668881,STARTER,2
2024,746728,668881,STARTER,2
2024,746728,668881,STARTER,4
2024,746728,668881,STARTER,6
2024,747055,669330,STARTER,2
2024,747055,669330,STARTER,2
2024,747055,669330,STARTER,2
2024,747055,669330,STARTER,3
2024,747055,669169,BULLPEN,5
2024,747055,669169,BULLPEN,5
2024,747055,669169,BULLPEN,5
2024,747055,669169,BULLPEN,6
2024,747055,669169,BULLPEN,6
2024,747055,669169,BULLPEN,6
2024,747055,657097,BULLPEN,9
2024,747054,665152,STARTER,2
2024,747054,665152,STARTER,3
2024,747054,665152,STARTER,3
2024,747054,665152,STARTER,3
2024,747054,665152,STARTER,4
2024,747054,665152,STARTER,4
2024,747054,665152,STARTER,4
2024,747054,665152,STARTER,4
2024,747054,670990,BULLPEN,8
2024,747054,670990,BULLPEN,8
2024,747054,657508,BULLPEN,8
2024,747056,669203,STARTER,1
2024,747056,669203,STARTER,3
2024,747056,669203,STARTER,4
2024,747056,666974,BULLPEN,7
2024,746002,605397,STARTER,1
2024,746002,605397,STARTER,2
2024,746002,605397,STARTER,2
2024,746004,656302,STARTER,1
2024,746004,670970,BULLPEN,7
2024,746004,666745,BULLPEN,9
2024,746005,650633,STARTER,8
2024,745189,502043,STARTER,3
2024,745189,664854,BULLPEN,10
2024,745190,571945,STARTER,1
2024,745190,571945,STARTER,1
2024,745190,571945,STARTER,4
2024,745190,571945,STARTER,4
2024,745190,571945,STARTER,4
2024,745190,668868,BULLPEN,6
2024,745190,668868,BULLPEN,6
2024,745190,668868,BULLPEN,6
2024,745190,606149,BULLPEN,6
2024,745190,669467,BULLPEN,7
2024,745190,669467,BULLPEN,9
2024,745190,669467,BULLPEN,9
2024,745192,543243,STARTER,7
2024,745192,543243,STARTER,7
2024,745519,683003,STARTER,5
2024,745519,547973,BULLPEN,8
2024,745516,663559,STARTER,8
2024,745513,676596,STARTER,3
2024,745513,676596,STARTER,3
2024,745513,682847,BULLPEN,3
2024,745512,656605,STARTER,1
2024,745512,656605,STARTER,3
2024,745512,656605,STARTER,3
2024,745512,656605,STARTER,5
2024,745512,547973,BULLPEN,8
2024,745512,547973,BULLPEN,8
2024,745512,672710,BULLPEN,9
2024,746000,661563,STARTER,2
2024,746000,661563,STARTER,2
2024,746000,661563,STARTER,3
2024,746000,661563,STARTER,3
2024,746000,661563,STARTER,6
2024,746000,543859,BULLPEN,10
2024,746000,543859,BULLPEN,11
2024,745998,607074,STARTER,1
2024,745998,624431,BULLPEN,9
2024,745998,624431,BULLPEN,9
2024,746001,573186,STARTER,5
2024,746001,573186,STARTER,5
2024,746001,573186,STARTER,5
2024,746001,573186,STARTER,5
2024,746001,676760,BULLPEN,6
2024,745997,641302,STARTER,1
2024,745997,641302,STARTER,2
2024,745997,641302,STARTER,2
2024,745997,682052,BULLPEN,5
2024,745997,682052,BULLPEN,5
2024,745997,682052,BULLPEN,5
2024,745997,682052,BULLPEN,7
2024,745997,682052,BULLPEN,7
2024,745996,621107,STARTER,3
2024,745996,621107,STARTER,3
2024,745996,621107,STARTER,6
2024,745996,541640,BULLPEN,7
2024,745996,541640,BULLPEN,7
2024,745996,541640,BULLPEN,7
2024,745996,541640,BULLPEN,7
2024,746890,640470,BULLPEN,8
2024,746890,640470,BULLPEN,8
2024,746890,640470,BULLPEN,8
2024,746884,624522,BULLPEN,7
2024,746884,624522,BULLPEN,7
2024,746884,624522,BULLPEN,7
2024,746884,624522,BULLPEN,7
2024,746884,593576,BULLPEN,9
2024,746313,666142,STARTER,4
2024,746313,666142,STARTER,4
2024,746315,607625,STARTER,2
2024,746315,607625,STARTER,2
2024,746315,607625,STARTER,7
2024,746315,663704,BULLPEN,9
2024,746315,663704,BULLPEN,9
2024,746315,663704,BULLPEN,9
2024,746312,663903,STARTER,1
2024,746312,623433,BULLPEN,7
2024,746312,608648,BULLPEN,9
2024,746312,608648,BULLPEN,9
2024,745995,543243,STARTER,1
2024,745995,543243,STARTER,1
2024,745995,543243,STARTER,1
2024,745995,543243,STARTER,2
2024,745995,543243,STARTER,4
2024,745995,543243,STARTER,5
2024,745995,687798,BULLPEN,7
2024,745993,458681,STARTER,4
2024,745993,458681,STARTER,4
2024,745993,458681,STARTER,5
2024,745993,458681,STARTER,5
2024,745993,669461,BULLPEN,5
2024,745993,458681,STARTER,5
2024,745993,669461,BULLPEN,5
2024,745993,681517,BULLPEN,7
2024,745993,681517,BULLPEN,7
2024,745993,681517,BULLPEN,7
2024,745993,681517,BULLPEN,7
2024,745994,502043,STARTER,3
2024,745994,502043,STARTER,6
2024,745994,552640,BULLPEN,7
2024,745994,552640,BULLPEN,7
2024,745994,552640,BULLPEN,7
2024,745990,571945,STARTER,1
2024,745990,571945,STARTER,1
2024,745990,571945,STARTER,1
2024,745991,676596,BULLPEN,7
2024,745991,676596,BULLPEN,7
2024,745991,676596,BULLPEN,8
2024,745991,676596,BULLPEN,8
2024,745991,676596,BULLPEN,8
2024,745991,676596,BULLPEN,8
2024,745989,682990,STARTER,2
2024,745989,682990,STARTER,2
2024,745989,682990,STARTER,2
2024,745989,682990,STARTER,2
2024,745992,527048,STARTER,3
2024,745992,527048,STARTER,3
2024,745992,527048,STARTER,3
2024,745992,527048,STARTER,3
2024,745992,527048,STARTER,3
2024,745992,527048,STARTER,4
2024,745992,527048,STARTER,5
2024,745992,527048,STARTER,6
2024,745992,527048,STARTER,6
2024,745992,682847,BULLPEN,6
2024,746388,686613,STARTER,2
2024,746388,686613,STARTER,4
2024,746388,686613,STARTER,4
2024,746388,686613,STARTER,4
2024,746389,434378,STARTER,5
2024,746389,434378,STARTER,5
2024,746389,434378,STARTER,5
2024,746389,434378,STARTER,5
2024,746392,681293,STARTER,1
2024,746392,681293,STARTER,7
2024,746392,681293,STARTER,7
2024,746392,681293,STARTER,7
2024,746066,677960,STARTER,5
2024,746066,677960,STARTER,6
2024,746058,669432,STARTER,1
2024,746058,669432,STARTER,2
2024,746058,669432,STARTER,4
2024,746058,669432,STARTER,4
2024,746058,640462,BULLPEN,8
2024,746058,640462,BULLPEN,8
2024,746058,640462,BULLPEN,8
2024,746956,676710,STARTER,3
2024,746956,676710,STARTER,3
2024,746956,676710,STARTER,3
2024,746956,676710,STARTER,5
2024,746956,676710,STARTER,5
2024,746956,676710,STARTER,5
2024,746956,502624,BULLPEN,9
2024,746958,601713,STARTER,3
2024,746958,601713,STARTER,3
2024,746958,601713,STARTER,3
2024,746958,601713,STARTER,3
2024,746958,601713,STARTER,3
2024,746958,677161,BULLPEN,8
2024,746957,656557,STARTER,5
2024,745986,643410,BULLPEN,8
2024,745986,669713,BULLPEN,8
2024,745986,643410,BULLPEN,8
2024,745986,643410,BULLPEN,8
2024,745986,669713,BULLPEN,8
2024,745987,593576,BULLPEN,9
2024,745987,681432,BULLPEN,10
2024,745987,681432,BULLPEN,10
2024,745988,684007,STARTER,1
2024,745988,684007,STARTER,1
2024,745988,684007,STARTER,3
2024,745988,684007,STARTER,3
2024,745988,684007,STARTER,3
2024,745988,684007,STARTER,3
2024,745988,684007,STARTER,3
2024,745988,543294,BULLPEN,7
2024,745988,543294,BULLPEN,7
2024,745988,543294,BULLPEN,7
2024,745985,592791,STARTER,2
2024,745985,592791,STARTER,2
2024,745985,592791,STARTER,2
2024,745985,643410,BULLPEN,7
2024,745985,668338,BULLPEN,8
2024,745985,681432,BULLPEN,8
2024,745983,607200,STARTER,2
2024,745983,607200,STARTER,4
2024,745983,607200,STARTER,4
2024,745983,607200,STARTER,4
2024,745983,647336,BULLPEN,7
2024,745983,647336,BULLPEN,7
2024,745983,605154,BULLPEN,7
2024,745983,647336,BULLPEN,7
2024,745983,605154,BULLPEN,7
2024,745983,605154,BULLPEN,7
2024,745983,694363,BULLPEN,8
2024,745983,694363,BULLPEN,8
2024,745980,676979,STARTER,3
2024,745980,605121,BULLPEN,7
2024,745980,605121,BULLPEN,7
2024,745980,656629,BULLPEN,10
2024,745984,680897,STARTER,2
2024,745984,680897,STARTER,2
2024,745984,680897,STARTER,2
2024,745984,680897,STARTER,2
2024,745984,657612,BULLPEN,8
2024,745984,657612,BULLPEN,8
2024,745569,554430,STARTER,7
2024,745568,650911,STARTER,3
2024,746466,681857,STARTER,2
2024,746466,681857,STARTER,2
2024,746466,681857,STARTER,2
2024,746466,681857,STARTER,2
2024,746466,681857,STARTER,2
2024,746466,681857,STARTER,4
2024,746466,681857,STARTER,4
2024,746466,681857,STARTER,4
2024,746466,689225,BULLPEN,5
2024,746466,689225,BULLPEN,5
2024,746461,663554,STARTER,1
2024,746461,663554,STARTER,3
2024,746461,663554,STARTER,3
2024,746461,663554,STARTER,6
2024,746461,663554,STARTER,6
2024,746463,669373,STARTER,7
2024,746463,669438,BULLPEN,9
2024,745982,621244,STARTER,3
2024,745982,621244,STARTER,4
2024,745982,621244,STARTER,6
2024,745978,647315,BULLPEN,6
2024,745978,647315,BULLPEN,6
2024,745978,647315,BULLPEN,6
2024,745978,641835,BULLPEN,6
2024,745978,641835,BULLPEN,6
2024,745979,668881,STARTER,3
2024,745979,668881,STARTER,5
2024,745979,607259,BULLPEN,6
2024,745979,664747,BULLPEN,9
2024,745979,664747,BULLPEN,9
2024,745976,671096,STARTER,5
2024,745976,671096,STARTER,5
2024,745976,671096,STARTER,5
2024,745977,593423,STARTER,5
2024,745977,608371,BULLPEN,6
2024,745977,593423,STARTER,6
2024,745977,593423,STARTER,6
2024,745977,594580,BULLPEN,7
2024,746215,668676,STARTER,2
2024,746215,668676,STARTER,2
2024,746215,668676,STARTER,5
2024,746217,656288,STARTER,1
2024,746217,656288,STARTER,2
2024,746217,656288,STARTER,4
2024,746217,656288,STARTER,4
2024,746217,656288,STARTER,4
2024,746217,656288,STARTER,6
2024,746219,542881,STARTER,1
2024,746219,472610,BULLPEN,8
2024,745401,800049,STARTER,1
2024,745401,800049,STARTER,5
2024,745401,800049,STARTER,5
2024,745401,593974,BULLPEN,8
2024,745401,669093,BULLPEN,9
2024,745401,669093,BULLPEN,9
2024,745403,656302,STARTER,5
2024,745403,656302,STARTER,5
2024,745403,656302,STARTER,5
2024,745403,656302,STARTER,5
2024,745403,663568,BULLPEN,7
2024,745402,666745,BULLPEN,9
2024,745402,666745,BULLPEN,9
2024,745402,666745,BULLPEN,9
2024,745402,666745,BULLPEN,9
2024,745396,650633,STARTER,2
2024,745396,650633,STARTER,2
2024,745396,650633,STARTER,2
2024,745396,650633,STARTER,2
2024,745396,650633,STARTER,2
2024,745396,676680,BULLPEN,7
2024,745974,547179,STARTER,5
2024,745974,656641,BULLPEN,6
2024,745974,547179,STARTER,6
2024,745974,656641,BULLPEN,6
2024,745974,656641,BULLPEN,6
2024,745974,642546,BULLPEN,6
2024,745973,571760,STARTER,3
2024,745973,571760,STARTER,5
2024,745973,641540,BULLPEN,7
2024,745975,543135,STARTER,3
2024,745975,543135,STARTER,3
2024,745975,543135,STARTER,3
2024,745975,543135,STARTER,3
2024,745975,543135,STARTER,4
2024,745975,656641,BULLPEN,10
2024,745970,592791,STARTER,4
2024,745970,592791,STARTER,4
2024,745970,592791,STARTER,4
2024,745970,592791,STARTER,4
2024,745972,657006,STARTER,3
2024,745972,657006,STARTER,3
2024,745972,657006,STARTER,4
2024,745971,543294,STARTER,4
2024,745971,543294,STARTER,4
2024,745971,543294,STARTER,4
2024,745971,543294,STARTER,4
2024,745971,543294,STARTER,4
2024,745971,543294,STARTER,4
2024,745971,543294,STARTER,4
2024,746535,596295,STARTER,4
2024,746535,596295,STARTER,4
2024,746535,596295,STARTER,4
2024,746535,596295,STARTER,5
2024,746535,683627,BULLPEN,8
2024,746535,683627,BULLPEN,8
2024,746535,683627,BULLPEN,8
2024,746537,663372,STARTER,2
2024,746537,621389,BULLPEN,7
2024,746537,683232,BULLPEN,9
2024,746537,683232,BULLPEN,9
2024,746534,641712,STARTER,1
2024,746534,641712,STARTER,2
2024,746534,641712,STARTER,5
2024,746532,615698,STARTER,4
2024,746532,615698,STARTER,4
2024,746532,683627,BULLPEN,6
2024,746127,607192,STARTER,4
2024,746127,607192,STARTER,4
2024,746127,607192,STARTER,4
2024,746127,607192,STARTER,4
2024,746127,607192,STARTER,4
2024,746129,572020,STARTER,1
2024,746129,572020,STARTER,4
2024,746129,623465,BULLPEN,8
2024,746122,680736,STARTER,4
2024,746122,680736,STARTER,4
2024,746122,680736,STARTER,5
2024,746122,680736,STARTER,5
2024,746122,642232,BULLPEN,7
2024,746122,642232,BULLPEN,8
2024,746122,642232,BULLPEN,8
2024,746122,607455,BULLPEN,9
2024,746122,607455,BULLPEN,9
2024,745968,682990,BULLPEN,3
2024,745968,682990,BULLPEN,3
2024,745969,527048,STARTER,1
2024,745969,527048,STARTER,1
2024,745969,527048,STARTER,4
2024,745969,527048,STARTER,4
2024,745969,527048,STARTER,5
2024,745969,641703,BULLPEN,7
2024,745969,656924,BULLPEN,8
2024,745969,656924,BULLPEN,8
2024,745969,656924,BULLPEN,8
2024,745965,671131,STARTER,4
2024,745965,671131,STARTER,4
2024,745963,680730,STARTER,1
2024,745963,680730,STARTER,1
2024,745963,680730,STARTER,1
2024,745963,680730,STARTER,1
2024,745963,680730,STARTER,1
2024,745962,663623,STARTER,1
2024,745962,663623,STARTER,3
2024,745962,663623,STARTER,3
2024,745962,663623,STARTER,3
2024,745962,663623,STARTER,4
2024,745962,663623,STARTER,4
2024,745962,663623,STARTER,4
2024,745962,686294,BULLPEN,8
2024,745962,686294,BULLPEN,8
2024,745880,641154,STARTER,3
2024,745880,663485,BULLPEN,11
2024,745880,663485,BULLPEN,11
2024,745880,595345,BULLPEN,12
2024,745880,595345,BULLPEN,12
2024,745880,622251,BULLPEN,12
2024,745880,595345,BULLPEN,12
2024,745880,622251,BULLPEN,12
2024,745882,657746,STARTER,3
2024,745882,657746,STARTER,5
2024,745882,657746,STARTER,5
2024,745882,657746,STARTER,5
2024,745882,660896,BULLPEN,7
2024,745882,643377,BULLPEN,8
2024,745882,643377,BULLPEN,8
2024,745882,573204,BULLPEN,9
2024,746850,687863,BULLPEN,8
2024,746848,592791,STARTER,8
2024,746851,657006,STARTER,1
2024,746851,657006,STARTER,6
2024,746851,593576,BULLPEN,9
2024,745964,669432,STARTER,3
2024,745964,669432,STARTER,4
2024,745966,676974,STARTER,4
2024,745966,676974,STARTER,4
2024,745966,676974,STARTER,4
2024,745961,667725,STARTER,1
2024,745961,667725,STARTER,1
2024,745961,667725,STARTER,4
2024,745961,667725,STARTER,4
2024,745961,642629,BULLPEN,5
2024,745961,642629,BULLPEN,5
2024,745959,656550,STARTER,5
2024,745959,445926,BULLPEN,6
2024,745959,445926,BULLPEN,6
2024,745959,445926,BULLPEN,6
2024,745959,607481,BULLPEN,7
2024,745959,670241,BULLPEN,8
2024,745959,670241,BULLPEN,8
2024,745959,670241,BULLPEN,8
2024,745958,693821,STARTER,7
2024,745960,519242,STARTER,1
2024,745960,519242,STARTER,1
2024,744825,663623,STARTER,2
2024,744825,663623,STARTER,2
2024,744825,663623,STARTER,2
2024,744825,676395,BULLPEN,6
2024,744825,663623,STARTER,6
2024,744825,606930,BULLPEN,7
2024,744825,678606,BULLPEN,8
2024,744825,678606,BULLPEN,8
2024,744823,687792,STARTER,5
2024,744823,571882,BULLPEN,7
2024,744823,672851,BULLPEN,8
2024,744823,672851,BULLPEN,8
2024,744826,676395,BULLPEN,8
2024,744826,676395,BULLPEN,8
2024,744826,676395,BULLPEN,8
2024,747086,693821,STARTER,1
2024,747086,693821,STARTER,1
2024,747086,693821,STARTER,1
2024,747086,693821,STARTER,2
2024,747086,693821,STARTER,3
2024,747086,693821,STARTER,3
2024,747086,693821,STARTER,4
2024,747086,445926,BULLPEN,6
2024,747086,445926,BULLPEN,6
2024,747086,641729,BULLPEN,8
2024,747085,519242,STARTER,3
2024,747085,519242,STARTER,5
2024,747085,519242,STARTER,5
2024,747085,572955,BULLPEN,6
2024,747085,572955,BULLPEN,6
2024,747085,572955,BULLPEN,6
2024,747085,689266,BULLPEN,8
2024,747085,689266,BULLPEN,8
2024,747081,450203,STARTER,1
2024,747081,450203,STARTER,1
2024,747081,450203,STARTER,1
2024,747081,450203,STARTER,2
2024,747081,450203,STARTER,2
2024,747081,450203,STARTER,2
2024,747081,450203,STARTER,3
2024,747081,450203,STARTER,3
2024,747081,670161,BULLPEN,5
2024,747081,670161,BULLPEN,5
2024,747081,670161,BULLPEN,5
2024,747081,670161,BULLPEN,5
2024,747081,670161,BULLPEN,5
2024,747081,592426,BULLPEN,7
2024,747081,663897,BULLPEN,9
2024,747081,663897,BULLPEN,9
2024,745957,686730,STARTER,1
2024,745957,686730,STARTER,1
2024,745957,686730,STARTER,1
2024,745957,686730,STARTER,2
2024,745957,686730,STARTER,2
2024,745957,686730,STARTER,2
2024,745957,686730,STARTER,3
2024,745957,686730,STARTER,3
2024,745955,663574,BULLPEN,8
2024,745956,666157,STARTER,2
2024,745956,666157,STARTER,2
2024,745956,666157,STARTER,6
2024,745953,523260,BULLPEN,6
2024,745953,477132,STARTER,6
2024,745954,694813,STARTER,3
2024,745954,689017,BULLPEN,7
2024,745951,621111,STARTER,2
2024,745951,621111,STARTER,2
2024,745951,621111,STARTER,2
2024,745951,621111,STARTER,4
2024,745951,641703,BULLPEN,7
2024,745950,656427,STARTER,1
2024,745950,656427,STARTER,1
2024,745950,656427,STARTER,1
2024,745950,543339,BULLPEN,8
2024,745950,543339,BULLPEN,8
2024,745950,543339,BULLPEN,8
2024,745949,668909,STARTER,1
2024,745949,668909,STARTER,1
2024,745949,668909,STARTER,1
2024,745949,668909,STARTER,3
2024,745949,668909,STARTER,4
2024,745952,676440,STARTER,1
2024,745952,676440,STARTER,4
2024,745948,594902,STARTER,1
2024,745948,594902,STARTER,2
2024,745136,607200,STARTER,2
2024,745136,607200,STARTER,5
2024,745136,667463,BULLPEN,8
2024,745138,502043,STARTER,5
2024,745138,502043,STARTER,6
2024,745138,681676,BULLPEN,7
2024,745138,681676,BULLPEN,7
2024,745138,552640,BULLPEN,8
2024,745138,668941,BULLPEN,8
2024,745625,676664,STARTER,2
2024,745625,676664,STARTER,2
2024,745625,676664,STARTER,2
2024,745625,676664,STARTER,2
2024,745625,676664,STARTER,2
2024,745625,676664,STARTER,4
2024,745625,676664,STARTER,4
2024,745625,666204,BULLPEN,9
2024,745625,666204,BULLPEN,9
2024,745625,666204,BULLPEN,9
2024,745625,666204,BULLPEN,9
2024,745617,671212,STARTER,2
2024,745617,671212,STARTER,2
2024,745617,671212,STARTER,2
2024,745617,671212,STARTER,5
2024,745617,671212,STARTER,5
2024,745617,669372,BULLPEN,8
2024,745617,671305,BULLPEN,9
2024,745617,671305,BULLPEN,9
2024,745617,671305,BULLPEN,9
2024,745618,683155,STARTER,2
2024,745618,683155,STARTER,2
2024,745618,680880,BULLPEN,7
2024,745946,657277,STARTER,3
2024,745946,657277,STARTER,3
2024,745946,657277,STARTER,6
2024,745946,657277,STARTER,6
2024,745943,690986,STARTER,5
2024,745943,690986,STARTER,5
2024,745943,690986,STARTER,5
2024,745943,690986,STARTER,5
2024,745943,690986,STARTER,5
2024,745945,806185,STARTER,2
2024,745945,806185,STARTER,2
2024,745945,806185,STARTER,3
2024,745945,806185,STARTER,4
2024,745945,806185,STARTER,4
2024,745945,663546,BULLPEN,4
2024,746665,695076,STARTER,4
2024,746665,686730,BULLPEN,6
2024,746665,686730,BULLPEN,7
2024,746665,686730,BULLPEN,7
2024,746665,691172,BULLPEN,9
2024,746665,691172,BULLPEN,9
2024,746665,691172,BULLPEN,9
2024,746665,691172,BULLPEN,9
2024,746665,571912,BULLPEN,9
2024,746665,571912,BULLPEN,9
2024,746665,571912,BULLPEN,9
2024,746665,571912,BULLPEN,9
2024,746665,571912,BULLPEN,9
2024,746665,571912,BULLPEN,9
2024,746730,607259,STARTER,2
2024,746730,607259,STARTER,4
2024,746730,607259,STARTER,4
2024,746730,607259,STARTER,4
2024,746730,664747,BULLPEN,10
2024,746667,571656,BULLPEN,3
2024,746667,571656,BULLPEN,3
2024,746667,571656,BULLPEN,3
2024,746667,571527,BULLPEN,6
2024,746667,458677,BULLPEN,9
2024,746669,682227,STARTER,3
2024,746669,682227,STARTER,4
2024,746669,596001,BULLPEN,5
2024,745947,669467,STARTER,1
2024,745947,669467,STARTER,1
2024,745947,669467,STARTER,1
2024,745947,669467,STARTER,4
2024,745947,669467,STARTER,4
2024,745947,676617,BULLPEN,6
2024,745947,676617,BULLPEN,6
2024,745947,676617,BULLPEN,6
2024,745947,676617,BULLPEN,6
2024,745944,571927,STARTER,3
2024,745944,571927,STARTER,3
2024,745944,571927,STARTER,5
2024,745944,664854,BULLPEN,11
2024,745938,543243,STARTER,7
2024,745938,668941,BULLPEN,8
2024,745941,663372,STARTER,2
2024,745941,678020,BULLPEN,7
2024,745942,621389,STARTER,1
2024,745942,621389,STARTER,1
2024,745942,621389,STARTER,3
2024,745942,621389,STARTER,3
2024,745942,621389,STARTER,4
2024,745940,607536,STARTER,1
2024,745291,694738,STARTER,1
2024,745291,694738,STARTER,1
2024,745291,663941,BULLPEN,6
2024,745285,605483,STARTER,3
2024,745285,681810,BULLPEN,7
2024,745288,666808,BULLPEN,7
2024,745288,702352,BULLPEN,8
2024,745288,702352,BULLPEN,8
2024,747153,593958,STARTER,4
2024,747153,593958,STARTER,4
2024,747148,694297,STARTER,1
2024,747148,694297,STARTER,2
2024,747148,694297,STARTER,2
2024,747148,694297,STARTER,2
2024,747148,694297,STARTER,2
2024,747148,694297,STARTER,2
2024,747148,694297,STARTER,2
2024,747148,694297,STARTER,2
2024,747148,571670,BULLPEN,4
2024,747148,571670,BULLPEN,4
2024,747148,571670,BULLPEN,4
2024,747148,571670,BULLPEN,4
2024,747148,571670,BULLPEN,6
2024,747148,700270,BULLPEN,9
2024,747148,700270,BULLPEN,9
2024,747151,668678,STARTER,5
2024,747151,668678,STARTER,5
2024,747151,668678,STARTER,5
2024,747151,656464,BULLPEN,6
2024,747151,656464,BULLPEN,6
2024,747151,656464,BULLPEN,6
2024,747151,656464,BULLPEN,6
2024,747151,657044,BULLPEN,7
2024,747151,679885,BULLPEN,10
2024,747151,679885,BULLPEN,10
2024,745939,624133,STARTER,3
2024,745939,624133,STARTER,3
2024,745939,624133,STARTER,4
2024,745939,621237,BULLPEN,6
2024,745939,621237,BULLPEN,6
2024,745939,621383,BULLPEN,7
2024,745935,554430,STARTER,4
2024,745933,605400,STARTER,5
2024,745933,608032,BULLPEN,9
2024,745937,694297,STARTER,7
2024,745934,668678,STARTER,5
2024,745934,668678,STARTER,5
2024,745934,668678,STARTER,5
2024,745934,668678,STARTER,5
2024,745929,656756,STARTER,3
2024,745929,656756,STARTER,4
2024,745929,656756,STARTER,4
2024,745929,700270,BULLPEN,6
2024,745929,657044,BULLPEN,7
2024,745929,657044,BULLPEN,7
2024,745929,573009,BULLPEN,8
2024,745929,573009,BULLPEN,8
2024,745929,573009,BULLPEN,8
2024,745929,679885,BULLPEN,8
2024,745441,663559,STARTER,2
2024,745441,663559,STARTER,2
2024,745441,663559,STARTER,2
2024,745441,663559,STARTER,4
2024,745441,676755,BULLPEN,7
2024,745441,676755,BULLPEN,7
2024,745441,676755,BULLPEN,7
2024,745442,682847,STARTER,2
2024,745443,656605,STARTER,3
2024,745443,656605,STARTER,5
2024,745443,656605,STARTER,5
2024,745443,621366,BULLPEN,6
2024,745443,621366,BULLPEN,6
2024,745930,640455,STARTER,1
2024,745930,640455,STARTER,1
2024,745930,640455,STARTER,1
2024,745930,640455,STARTER,1
2024,745930,640455,STARTER,2
2024,745930,640455,STARTER,4
2024,745930,664849,BULLPEN,6
2024,745930,622065,BULLPEN,8
2024,745931,500779,STARTER,4
2024,745931,500779,STARTER,4
2024,745931,657585,BULLPEN,8
2024,745931,657585,BULLPEN,8
2024,745931,657585,BULLPEN,8
2024,745931,657585,BULLPEN,8
2025,778557,607074,STARTER,3
2025,778557,642207,BULLPEN,9
2025,778538,608331,STARTER,2
2025,778538,608331,STARTER,2
2025,778538,608331,STARTER,2
2025,778538,608331,STARTER,4
2025,778538,608331,STARTER,5
2025,778538,608331,STARTER,5
2025,778538,471911,BULLPEN,8
2025,778538,471911,BULLPEN,9
2025,778538,471911,BULLPEN,9
2025,778523,573186,STARTER,1
2025,778523,573186,STARTER,4
2025,778523,573186,STARTER,4
2025,778504,672582,BULLPEN,7
2025,778488,547179,STARTER,3
2025,778488,547179,STARTER,3
2025,778488,547179,STARTER,6
2025,778488,547179,STARTER,6
2025,778488,670167,BULLPEN,8
2025,778477,666142,STARTER,1
2025,778477,608032,BULLPEN,10
2025,778477,669674,BULLPEN,11
2025,778468,666157,STARTER,4
2025,778453,607259,STARTER,2
2025,778453,607259,STARTER,5
2025,778453,607259,STARTER,5
2025,778439,663903,STARTER,4
2025,778439,663903,STARTER,5
2025,778439,663903,STARTER,5
2025,778439,663903,STARTER,5
2025,778439,663903,STARTER,5
2025,778439,605130,BULLPEN,7
2025,778439,605130,BULLPEN,7
2025,778421,686730,STARTER,3
2025,778421,686730,STARTER,3
2025,778421,686730,STARTER,4
2025,778421,686730,STARTER,4
2025,778421,594580,BULLPEN,4
2025,778421,594580,BULLPEN,4
2025,778421,594580,BULLPEN,4
2025,778421,664139,BULLPEN,7
2025,778394,607536,STARTER,3
2025,778394,607536,STARTER,3
2025,778394,607536,STARTER,3
2025,778394,607536,STARTER,3
2025,778394,607536,STARTER,7
2025,778394,623474,BULLPEN,7
2025,778394,623474,BULLPEN,7
2025,778379,622608,STARTER,3
2025,778379,622608,STARTER,3
2025,778379,622608,STARTER,3
2025,778379,622608,STARTER,3
2025,778379,622608,STARTER,3
2025,778379,622608,STARTER,5
2025,778379,622608,STARTER,5
2025,778379,622608,STARTER,5
2025,778379,622608,STARTER,5
2025,778379,678821,BULLPEN,5
2025,778379,678020,BULLPEN,9
2025,778379,678020,BULLPEN,9
2025,778379,678020,BULLPEN,9
2025,778379,678020,BULLPEN,9
2025,778379,678020,BULLPEN,9
2025,778379,680767,BULLPEN,9
2025,778379,678020,BULLPEN,9
2025,778371,663372,STARTER,4
2025,778371,656234,BULLPEN,8
2025,778364,593958,STARTER,4
2025,778364,593958,STARTER,5
2025,778364,593958,STARTER,5
2025,778364,573009,BULLPEN,9
2025,778364,573009,BULLPEN,9
2025,778364,573009,BULLPEN,9
2025,778364,573009,BULLPEN,9
2025,778350,669203,STARTER,2
2025,778350,669203,STARTER,2
2025,778350,669203,STARTER,6
2025,778350,669194,BULLPEN,9
2025,778332,668678,STARTER,1
2025,778332,668678,STARTER,1
2025,778323,628317,BULLPEN,9
2025,778310,656427,STARTER,2
2025,778310,656427,STARTER,2
2025,778310,656427,STARTER,4
2025,778310,669724,BULLPEN,7
2025,778310,669724,BULLPEN,7
2025,778295,672456,STARTER,2
2025,778295,672456,STARTER,3
2025,778295,672456,STARTER,3
2025,778295,672456,STARTER,3
2025,778295,672456,STARTER,6
2025,778261,669372,STARTER,3
2025,778261,669372,STARTER,3
2025,778261,669372,STARTER,5
2025,778261,682052,BULLPEN,7
2025,778261,682052,BULLPEN,7
2025,778253,622663,STARTER,3
2025,778239,605488,STARTER,1
2025,778239,605488,STARTER,1
2025,778239,605488,STARTER,1
2025,778239,605488,STARTER,1
2025,778239,605488,STARTER,2
2025,778239,605488,STARTER,3
2025,778239,687765,BULLPEN,4
2025,778239,687765,BULLPEN,4
2025,778239,519008,BULLPEN,6
2025,778239,668716,BULLPEN,7
2025,778239,668716,BULLPEN,7
2025,778239,668716,BULLPEN,7
2025,778239,668716,BULLPEN,7
2025,778239,668716,BULLPEN,7
2025,778226,592662,STARTER,2
2025,778226,592662,STARTER,2
2025,778210,663855,STARTER,3
2025,778210,663855,STARTER,3
2025,778210,663855,STARTER,3
2025,778210,663855,STARTER,6
2025,778210,663855,STARTER,6
2025,778210,642152,BULLPEN,6
2025,778210,663855,STARTER,6
2025,778210,642152,BULLPEN,6
2025,778210,642152,BULLPEN,6
2025,778210,642152,BULLPEN,6
2025,778210,642152,BULLPEN,6
2025,778198,676254,BULLPEN,9
2025,778198,676254,BULLPEN,9
2025,778194,694738,STARTER,1
2025,778194,694738,STARTER,2
2025,778194,694738,STARTER,4
2025,778194,694738,STARTER,4
2025,778194,694738,STARTER,4
2025,778184,669461,STARTER,6
2025,778184,669461,STARTER,7
2025,778164,543243,STARTER,5
2025,778164,543243,STARTER,5
2025,778164,543243,STARTER,6
2025,778164,664854,BULLPEN,9
2025,778164,664854,BULLPEN,9
2025,778150,607200,STARTER,1
2025,778150,607200,STARTER,1
2025,778150,607200,STARTER,1
2025,778150,607200,STARTER,4
2025,778150,607200,STARTER,4
2025,778150,607200,STARTER,4
2025,778150,607200,STARTER,4
2025,778125,656457,STARTER,1
2025,778125,669060,BULLPEN,6
2025,778125,669060,BULLPEN,6
2025,778125,685126,BULLPEN,6
2025,778125,669060,BULLPEN,6
2025,778125,694363,BULLPEN,8
2025,778125,694363,BULLPEN,8
2025,778111,681343,STARTER,1
2025,778111,681343,STARTER,1
2025,778111,681343,STARTER,4
2025,778111,592155,BULLPEN,8
2025,778111,592155,BULLPEN,8
2025,778111,592155,BULLPEN,8
2025,778071,592791,STARTER,3
2025,778071,592791,STARTER,4
2025,778054,684007,STARTER,6
2025,778054,684007,STARTER,6
2025,778054,657240,BULLPEN,6
2025,778054,657240,BULLPEN,6
2025,778042,669854,STARTER,3
2025,778042,669854,STARTER,3
2025,778042,669854,STARTER,3
2025,778042,656986,BULLPEN,8
2025,778042,656986,BULLPEN,8
2025,778031,669713,STARTER,1
2025,778031,669713,STARTER,1
2025,778031,669713,STARTER,1
2025,778031,669713,STARTER,1
2025,778015,664285,STARTER,5
2025,778002,641793,STARTER,1
2025,778002,641793,STARTER,4
2025,778002,642121,BULLPEN,8
2025,777981,671737,STARTER,3
2025,777981,671737,STARTER,5
2025,777964,656876,STARTER,4
2025,777964,656876,STARTER,4
2025,777964,656876,STARTER,5
2025,777964,679358,BULLPEN,8
2025,777925,668909,STARTER,2
2025,777925,668909,STARTER,5
2025,777925,682120,BULLPEN,6
2025,777925,682120,BULLPEN,6
2025,777925,596001,BULLPEN,6
2025,777925,676282,BULLPEN,7
2025,777925,676282,BULLPEN,7
2025,777925,687849,BULLPEN,9
2025,777925,687849,BULLPEN,9
2025,777865,805673,STARTER,2
2025,777865,805673,STARTER,3
2025,777865,805673,STARTER,3
2025,777865,805673,STARTER,3
2025,777865,660896,BULLPEN,8
2025,777860,665152,STARTER,2
2025,777860,665152,STARTER,2
2025,777860,665152,STARTER,2
2025,777860,665152,STARTER,5
2025,777860,666974,BULLPEN,8
2025,777844,694646,BULLPEN,3
2025,777844,694646,BULLPEN,4
2025,777844,694646,BULLPEN,4
2025,777844,642585,BULLPEN,8
2025,777844,642585,BULLPEN,8
2025,777826,608372,STARTER,5
2025,777826,608372,STARTER,6
2025,777826,642585,BULLPEN,9
2025,777826,641329,BULLPEN,10
2025,777814,681347,STARTER,1
2025,777814,681347,STARTER,1
2025,777814,681347,STARTER,1
2025,777814,681347,STARTER,2
2025,777814,676755,BULLPEN,6
2025,777814,663767,BULLPEN,8
2025,777814,663767,BULLPEN,8
2025,777814,663767,BULLPEN,8
2025,777806,694973,STARTER,6
2025,777806,663432,BULLPEN,7
2025,777806,663432,BULLPEN,7
2025,777806,670280,BULLPEN,9
2025,777806,621366,BULLPEN,10
2025,777794,656605,STARTER,2
2025,777776,663559,STARTER,1
2025,777776,663559,STARTER,1
2025,777776,663559,STARTER,1
2025,777776,621366,BULLPEN,8
2025,777776,621366,BULLPEN,8
2025,777776,621366,BULLPEN,8
2025,777764,676979,STARTER,1
2025,777764,676979,STARTER,5
2025,777764,676477,BULLPEN,8
2025,777747,547973,BULLPEN,9
2025,777747,521230,BULLPEN,10
2025,777747,521230,BULLPEN,10
2025,777747,521230,BULLPEN,10
2025,777747,521230,BULLPEN,10
2025,777736,678394,STARTER,3
2025,777736,678394,STARTER,5
2025,777736,690928,BULLPEN,6
2025,777736,690928,BULLPEN,6
2025,777736,686580,BULLPEN,10
2025,777736,686580,BULLPEN,10
2025,777715,592836,STARTER,1
2025,777715,592836,STARTER,1
2025,777715,621383,BULLPEN,5
2025,777715,592836,STARTER,5
2025,777715,592836,STARTER,5
2025,777715,672578,BULLPEN,9
2025,777702,666200,STARTER,1
2025,777702,666200,STARTER,1
2025,777702,666200,STARTER,1
2025,777702,666200,STARTER,1
2025,777702,666200,STARTER,4
2025,777702,666200,STARTER,4
2025,777702,666200,STARTER,4
2025,777702,666200,STARTER,4
2025,777702,666200,STARTER,4
2025,777702,666200,STARTER,4
2025,777702,666200,STARTER,4
2025,777702,666200,STARTER,4
2025,777702,614179,BULLPEN,6
2025,777702,614179,BULLPEN,6
2025,777702,614179,BULLPEN,6
2025,777702,614179,BULLPEN,6
2025,777702,614179,BULLPEN,6
2025,777688,624133,STARTER,5
2025,777688,624133,STARTER,7
2025,777688,689147,BULLPEN,7
2025,777688,689147,BULLPEN,7
2025,777688,605447,BULLPEN,9
2025,777671,663903,STARTER,2
2025,777671,663903,STARTER,2
2025,777671,663903,STARTER,3
2025,777668,668881,STARTER,1
2025,777668,668881,STARTER,4
2025,777647,671096,STARTER,3
2025,777647,671096,STARTER,5
2025,777647,671096,STARTER,5
2025,777647,671096,STARTER,6
2025,777647,671096,STARTER,6
2025,777647,489119,BULLPEN,8
2025,777647,489119,BULLPEN,9
2025,777647,489119,BULLPEN,9
2025,777647,489119,BULLPEN,9
2025,777597,669093,BULLPEN,7
2025,777597,592094,BULLPEN,8
2025,777597,592094,BULLPEN,8
2025,777597,688158,BULLPEN,9
2025,777575,519242,STARTER,3
2025,777568,656550,STARTER,3
2025,777568,656550,STARTER,3
2025,777568,656550,STARTER,6
2025,777568,607481,BULLPEN,7
2025,777554,680885,STARTER,2
2025,777554,680885,STARTER,8
2025,777532,543243,STARTER,2
2025,777532,543243,STARTER,5
2025,777532,543243,STARTER,5
2025,777532,543243,STARTER,5
2025,777532,543243,STARTER,5
2025,777532,543243,STARTER,5
2025,777525,607200,STARTER,4
2025,777525,607200,STARTER,6
2025,777525,607200,STARTER,6
2025,777512,669467,STARTER,4
2025,777512,669467,STARTER,5
2025,777512,669467,STARTER,5
2025,777512,669467,STARTER,5
2025,777512,664854,BULLPEN,9
2025,777492,571945,STARTER,4
2025,777492,571945,STARTER,4
2025,777492,667463,BULLPEN,7
2025,777482,676962,STARTER,2
2025,777482,676962,STARTER,2
2025,777482,650893,BULLPEN,6
2025,777450,592791,STARTER,1
2025,777450,592791,STARTER,2
2025,777450,592791,STARTER,2
2025,777450,592791,STARTER,2
2025,777450,592791,STARTER,3
2025,777450,650893,BULLPEN,5
2025,777450,650893,BULLPEN,5
2025,777450,650893,BULLPEN,5
2025,777434,657746,STARTER,4
2025,777434,657746,STARTER,6
2025,777434,657746,STARTER,6
2025,777434,623437,BULLPEN,7
2025,777434,623437,BULLPEN,7
2025,777434,623437,BULLPEN,7
2025,777434,623437,BULLPEN,7
2025,777434,623437,BULLPEN,7
2025,777434,666214,BULLPEN,8
2025,777434,666214,BULLPEN,8
2025,777434,666214,BULLPEN,8
2025,777434,666214,BULLPEN,8
2025,777434,681146,BULLPEN,9
2025,777434,681146,BULLPEN,9
2025,777434,681146,BULLPEN,9
2025,777434,681146,BULLPEN,9
2025,777434,681146,BULLPEN,9
2025,777412,680573,STARTER,1
2025,777412,680573,STARTER,1
2025,777412,680573,STARTER,2
2025,777412,680573,STARTER,2
2025,777412,663485,BULLPEN,8
2025,777412,663485,BULLPEN,8
2025,777412,663485,BULLPEN,8
2025,777412,663485,BULLPEN,9
2025,777412,663485,BULLPEN,9
2025,777401,543056,STARTER,1
2025,777401,701581,BULLPEN,2
2025,777401,701581,BULLPEN,3
2025,777401,701581,BULLPEN,3
2025,777401,701581,BULLPEN,4
2025,777401,701581,BULLPEN,5
2025,777401,701581,BULLPEN,5
2025,777401,701581,BULLPEN,5
2025,777401,701581,BULLPEN,5
2025,777391,676702,BULLPEN,4
2025,777391,676702,BULLPEN,4
2025,777391,663767,BULLPEN,5
2025,777391,676702,BULLPEN,5
2025,777374,571760,STARTER,3
2025,777374,571760,STARTER,3
2025,777374,571760,STARTER,4
2025,777374,571760,STARTER,4
2025,777374,571760,STARTER,4
2025,777374,571760,STARTER,4
2025,777374,571760,STARTER,5
2025,777374,669387,BULLPEN,8
2025,777374,669387,BULLPEN,8
2025,777361,694973,STARTER,2
2025,777361,694973,STARTER,2
2025,777361,694973,STARTER,2
2025,777361,694973,STARTER,2
2025,777339,607536,STARTER,4
2025,777339,607536,STARTER,4
2025,777339,607536,STARTER,4
2025,777339,607536,STARTER,4
2025,777339,607536,STARTER,4
2025,777339,607536,STARTER,4
2025,777339,623474,BULLPEN,5
2025,777339,669020,BULLPEN,8
2025,777339,656234,BULLPEN,8
2025,777339,669020,BULLPEN,8
2025,777321,622608,STARTER,1
2025,777321,622608,STARTER,1
2025,777321,622608,STARTER,4
2025,777321,622608,STARTER,4
2025,777321,622608,STARTER,5
2025,777301,608566,STARTER,6
2025,777301,608566,STARTER,6
2025,777301,680767,BULLPEN,10
2025,777276,694918,BULLPEN,6
2025,777276,694918,BULLPEN,6
2025,777276,694918,BULLPEN,6
2025,777289,605280,STARTER,1
2025,777289,605280,STARTER,6
2025,777289,657585,BULLPEN,6
2025,777289,657585,BULLPEN,6
2025,777289,657585,BULLPEN,6
2025,777289,657585,BULLPEN,6
2025,777289,663399,BULLPEN,8
2025,777257,656849,STARTER,4
2025,777257,656849,STARTER,7
2025,777254,645261,STARTER,3
2025,777254,645261,STARTER,3
2025,777254,645261,STARTER,4
2025,777254,645261,STARTER,4
2025,777254,645261,STARTER,4
2025,777254,806188,BULLPEN,8
2025,777238,615698,STARTER,2
2025,777238,615698,STARTER,4
2025,777224,665795,STARTER,3
2025,777224,665795,STARTER,3
2025,777224,678368,BULLPEN,8
2025,777201,808967,STARTER,1
2025,777201,808967,STARTER,1
2025,777201,808967,STARTER,1
2025,777201,808967,STARTER,1
2025,777201,808967,STARTER,1
2025,777201,694361,BULLPEN,5
2025,777201,694361,BULLPEN,5
2025,777201,642759,BULLPEN,7
2025,777201,642759,BULLPEN,7
2025,777193,477132,STARTER,4
2025,777193,477132,STARTER,4
2025,777193,489446,BULLPEN,8
2025,777175,607192,STARTER,5
2025,777175,656945,BULLPEN,9
2025,777175,489446,BULLPEN,10
2025,777149,680730,STARTER,3
2025,777149,680730,STARTER,3
2025,777149,680730,STARTER,3
2025,777149,680730,STARTER,3
2025,777149,680730,STARTER,3
2025,777149,680730,STARTER,3
2025,777149,680730,STARTER,4
2025,777149,472610,BULLPEN,7
2025,777135,829272,STARTER,4
2025,777135,829272,STARTER,4
2025,777135,829272,STARTER,4
2025,777135,640448,BULLPEN,9
2025,777135,640448,BULLPEN,9
2025,777135,640448,BULLPEN,9
2025,777123,663623,STARTER,2
2025,777123,663623,STARTER,2
2025,777123,663623,STARTER,2
2025,777123,671131,BULLPEN,8
2025,777123,671131,BULLPEN,8
2025,777123,671131,BULLPEN,8
2025,777123,671131,BULLPEN,8
2025,777123,691251,BULLPEN,8
2025,777103,607192,STARTER,5
2025,777103,489446,BULLPEN,7
2025,777085,686218,STARTER,3
2025,777085,686218,STARTER,3
2025,777085,686218,STARTER,3
2025,777085,686218,STARTER,3
2025,777085,686218,STARTER,4
2025,777085,676508,BULLPEN,6
2025,777085,676508,BULLPEN,7
2025,777085,642152,BULLPEN,8
2025,777070,477132,STARTER,4
2025,777070,477132,STARTER,4
2025,777070,477132,STARTER,4
2025,777070,681911,BULLPEN,6
2025,777070,642152,BULLPEN,6
2025,777070,642152,BULLPEN,6
2025,777050,669923,STARTER,6
2025,777050,669923,STARTER,6
2025,777050,669923,STARTER,6
2025,777050,669923,STARTER,6
2025,777050,805299,BULLPEN,8
2025,777050,805299,BULLPEN,8
2025,777024,622491,STARTER,2
2025,777024,622491,STARTER,2
2025,777024,622491,STARTER,4
2025,777024,622491,STARTER,4
2025,777024,622491,STARTER,4
2025,777024,622491,STARTER,5
2025,777024,663423,BULLPEN,6
2025,777024,663423,BULLPEN,7
2025,777024,663423,BULLPEN,7
2025,777024,663423,BULLPEN,7
2025,777008,615698,STARTER,4
2025,776996,676083,STARTER,2
2025,776996,676083,STARTER,4
2025,776996,676083,STARTER,4
2025,776996,663969,BULLPEN,9
2025,776978,691587,STARTER,3
2025,776978,678692,BULLPEN,8
2025,776978,806188,BULLPEN,9
2025,776965,571510,STARTER,3
2025,776965,571510,STARTER,3
2025,776965,571510,STARTER,3
2025,776965,571510,STARTER,3
2025,776965,571510,STARTER,5
2025,776965,519151,BULLPEN,6
2025,776965,623167,BULLPEN,7
2025,776965,623167,BULLPEN,7
2025,776956,607067,STARTER,2
2025,776956,607067,STARTER,3
2025,776956,607067,STARTER,5
2025,776956,607067,STARTER,5
2025,776956,519141,BULLPEN,5
2025,776956,519151,BULLPEN,6
2025,776956,519151,BULLPEN,6
2025,776956,519151,BULLPEN,6
2025,776956,519151,BULLPEN,6
2025,776929,684007,STARTER,1
2025,776929,684007,STARTER,4
2025,776929,684007,STARTER,5
2025,776917,680730,STARTER,2
2025,776917,680730,STARTER,3
2025,776917,680730,STARTER,3
2025,776917,680730,STARTER,3
2025,776917,680730,STARTER,3
2025,776917,680730,STARTER,3
2025,776917,680730,STARTER,5
2025,776917,680730,STARTER,5
2025,776917,671131,BULLPEN,5
2025,776917,702795,BULLPEN,7
2025,776917,702795,BULLPEN,7
2025,776917,702795,BULLPEN,7
2025,776917,702795,BULLPEN,7
2025,776917,702795,BULLPEN,7
2025,776917,691251,BULLPEN,8
2025,776917,691251,BULLPEN,8
2025,776903,663623,STARTER,1
2025,776903,663623,STARTER,1
2025,776903,663623,STARTER,1
2025,776903,663623,STARTER,2
2025,776903,663623,STARTER,3
2025,776903,829272,BULLPEN,8
2025,776903,829272,BULLPEN,8
2025,776903,671131,BULLPEN,9
2025,776894,695418,STARTER,1
2025,776894,695418,STARTER,2
2025,776894,695418,STARTER,2
2025,776894,663455,BULLPEN,6
2025,776894,663455,BULLPEN,6
2025,776894,694350,BULLPEN,7
2025,776894,694350,BULLPEN,7
2025,776894,694350,BULLPEN,7
2025,776894,694350,BULLPEN,7
2025,776894,694350,BULLPEN,7
2025,776894,702795,BULLPEN,7
2025,776894,694350,BULLPEN,7
2025,776894,678606,BULLPEN,8
2025,776894,678606,BULLPEN,8
2025,776882,607200,STARTER,4
2025,776882,607200,STARTER,4
2025,776882,607200,STARTER,4
2025,776869,666214,STARTER,3
2025,776869,666214,STARTER,3
2025,776869,666214,STARTER,3
2025,776869,666214,STARTER,3
2025,776869,666214,STARTER,6
2025,776869,680735,BULLPEN,7
2025,776869,641755,BULLPEN,7
2025,776853,675911,STARTER,2
2025,776853,675911,STARTER,4
2025,776853,675911,STARTER,5
2025,776853,675911,STARTER,5
2025,776853,675911,STARTER,5
2025,776828,673540,STARTER,5
2025,776828,673540,STARTER,5
2025,776828,673540,STARTER,5
2025,776817,593423,BULLPEN,2
2025,776817,593423,BULLPEN,2
2025,776817,593423,BULLPEN,4
2025,776817,592773,BULLPEN,7
2025,776817,592773,BULLPEN,7
2025,776817,664854,BULLPEN,7
2025,776817,664854,BULLPEN,7
2025,776799,640455,STARTER,4
2025,776799,640455,STARTER,4
2025,776799,640455,STARTER,4
2025,776799,657585,BULLPEN,5
2025,776799,640455,STARTER,5
2025,776799,664854,BULLPEN,8
2025,776799,621242,BULLPEN,9
2025,776786,571760,STARTER,1
2025,776786,571760,STARTER,3
2025,776786,571760,STARTER,3
2025,776786,571760,STARTER,3
2025,776786,571760,STARTER,3
2025,776786,571760,STARTER,4
2025,776786,663767,BULLPEN,6
2025,776771,694973,STARTER,1
2025,776771,694973,STARTER,3
2025,776771,694973,STARTER,4
2025,776771,694973,STARTER,4
2025,776771,670990,BULLPEN,5
2025,776771,670990,BULLPEN,5
2025,776771,670990,BULLPEN,6
2025,776771,670990,BULLPEN,6
2025,776771,670990,BULLPEN,6
2025,776771,621366,BULLPEN,6
2025,776771,621366,BULLPEN,6
2025,776771,621366,BULLPEN,6
2025,776771,669707,BULLPEN,8
2025,776771,669707,BULLPEN,8
2025,776755,656605,STARTER,3
2025,776755,656605,STARTER,3
2025,776755,656605,STARTER,4
2025,776755,656605,STARTER,4
2025,776755,656605,STARTER,4
2025,776755,656605,STARTER,4
2025,776755,669387,BULLPEN,6
2025,776755,669387,BULLPEN,6
2025,776755,693312,BULLPEN,7
2025,776755,693312,BULLPEN,7
2025,776755,693312,BULLPEN,7
2025,776755,693312,BULLPEN,7
2025,776740,607259,STARTER,2
2025,776740,607259,STARTER,3
2025,776740,607259,STARTER,3
2025,776740,607259,STARTER,3
2025,776740,607259,STARTER,3
2025,776740,607259,STARTER,3
2025,776740,608718,BULLPEN,4
2025,776740,608718,BULLPEN,4
2025,776740,605130,BULLPEN,6
2025,776740,594580,BULLPEN,7
2025,776721,641793,STARTER,2
2025,776721,641941,BULLPEN,9
2025,776721,605130,BULLPEN,10
2025,776721,686747,BULLPEN,11
2025,776721,686747,BULLPEN,11
2025,776721,686747,BULLPEN,11
2025,776709,641941,BULLPEN,9
2025,776709,641941,BULLPEN,9
2025,777459,690990,STARTER,3
2025,777459,573124,BULLPEN,5
2025,777459,681432,BULLPEN,6
2025,777459,668970,BULLPEN,8
2025,777459,668970,BULLPEN,8
2025,777459,668970,BULLPEN,8
2025,777459,668970,BULLPEN,8
2025,776676,592791,STARTER,1
2025,776691,571510,STARTER,4
2025,776691,571510,STARTER,5
2025,776691,571510,STARTER,6
2025,776691,571510,STARTER,6
2025,776663,607067,STARTER,2
2025,776663,607067,STARTER,6
2025,776663,694037,BULLPEN,9
2025,776651,684007,STARTER,2
2025,776651,684007,STARTER,2
2025,776651,518489,BULLPEN,8
2025,776651,518489,BULLPEN,8
2025,776634,687931,STARTER,4
2025,776634,687931,STARTER,4
2025,776634,664192,BULLPEN,7
2025,776634,664192,BULLPEN,7
2025,776634,678495,BULLPEN,9
2025,776621,657277,STARTER,2
2025,776608,592662,STARTER,2
2025,776608,592662,STARTER,3
2025,776608,592662,STARTER,5
2025,776593,593958,STARTER,3
2025,776593,593958,STARTER,3
2025,776593,593958,STARTER,3
2025,776593,593958,STARTER,3
2025,776593,593958,STARTER,3
2025,776593,686826,BULLPEN,4
2025,776593,686826,BULLPEN,8
2025,776586,694297,STARTER,1
2025,776586,694297,STARTER,3
2025,776586,694297,STARTER,3
2025,776586,694297,STARTER,3
2025,776586,694297,STARTER,3
2025,776586,694297,STARTER,3
2025,776586,595928,BULLPEN,6
2025,776586,663765,BULLPEN,6
2025,776586,666661,BULLPEN,9
2025,776572,669194,STARTER,2
2025,776572,686228,BULLPEN,8
2025,776553,622503,STARTER,1
2025,776553,622503,STARTER,2
2025,776553,622503,STARTER,3
2025,776553,622503,STARTER,3
2025,776546,669456,STARTER,6
2025,776546,669456,STARTER,6
2025,776546,663893,BULLPEN,6
2025,776546,686973,BULLPEN,6
2025,776546,663893,BULLPEN,6
2025,776546,677865,BULLPEN,7
2025,776546,677865,BULLPEN,7
2025,776527,592332,STARTER,7
2025,776527,656546,BULLPEN,9
2025,776527,656546,BULLPEN,9
2025,776527,656546,BULLPEN,9
2025,776515,453286,STARTER,1
2025,776515,453286,STARTER,1
2025,776515,453286,STARTER,3
2025,776515,453286,STARTER,3
2025,776500,592836,STARTER,1
2025,776500,592836,STARTER,1
2025,776500,592836,STARTER,1
2025,776500,592836,STARTER,2
2025,776500,592836,STARTER,4
2025,776500,642016,BULLPEN,6
2025,776500,502085,BULLPEN,8
2025,776500,502085,BULLPEN,8
2025,776471,605400,STARTER,1
2025,776471,605400,STARTER,1
2025,776471,605400,STARTER,1
2025,776471,605400,STARTER,1
2025,776471,605400,STARTER,1
2025,776471,605400,STARTER,4
2025,776453,670912,STARTER,1
2025,776453,669387,BULLPEN,6
2025,776453,669387,BULLPEN,6
2025,776453,670990,BULLPEN,8
2025,776453,670059,BULLPEN,9
2025,776441,656605,STARTER,4
2025,776441,656605,STARTER,4
2025,776441,681895,BULLPEN,8
2025,776441,681895,BULLPEN,8
2025,776419,696149,STARTER,1
2025,776419,696149,STARTER,1
2025,776419,696149,STARTER,1
2025,776419,696149,STARTER,1
2025,776419,696149,STARTER,2
2025,776419,696149,STARTER,3
2025,776419,696149,STARTER,3
2025,776419,696149,STARTER,3
2025,776419,696149,STARTER,3
2025,776419,670990,BULLPEN,7
2025,776395,683004,STARTER,5
2025,776395,683004,STARTER,5
2025,776395,683004,STARTER,5
2025,776395,542888,BULLPEN,9
2025,776375,518876,STARTER,1
2025,776375,518876,STARTER,1
2025,776375,518876,STARTER,6
2025,776356,669467,STARTER,3
2025,776356,669467,STARTER,3
2025,776356,669467,STARTER,3
2025,776356,669467,STARTER,3
2025,776356,669467,STARTER,4
2025,776356,660896,BULLPEN,7
2025,776356,660896,BULLPEN,7
2025,776356,688297,BULLPEN,8
2025,776339,543243,STARTER,3
2025,776339,543243,STARTER,6
2025,776339,668941,BULLPEN,8
2025,776339,668941,BULLPEN,8
2025,776339,676617,BULLPEN,9
2025,776339,676617,BULLPEN,9
2025,776339,676617,BULLPEN,9
2025,776339,681517,BULLPEN,10
2025,776339,681517,BULLPEN,10
2025,776326,571945,STARTER,4
2025,776326,571945,STARTER,5
2025,776295,702674,STARTER,1
2025,776295,702674,STARTER,2
2025,776295,702674,STARTER,3
2025,776295,702674,STARTER,4
2025,776295,702674,STARTER,4
2025,776295,671111,BULLPEN,7
2025,776295,671111,BULLPEN,8
2025,776295,671111,BULLPEN,8
2025,776295,671111,BULLPEN,8
2025,776291,667755,STARTER,2
2025,776291,667755,STARTER,2
2025,776291,641401,BULLPEN,2
2025,776291,667755,STARTER,2
2025,776291,641401,BULLPEN,2
2025,776291,570632,BULLPEN,6
2025,776291,570632,BULLPEN,8
2025,776291,570632,BULLPEN,8
2025,776291,570632,BULLPEN,8
2025,776274,579328,STARTER,4
2025,776274,579328,STARTER,6
2025,776274,472610,BULLPEN,7
2025,776274,472610,BULLPEN,7
2025,776274,472610,BULLPEN,7
2025,776265,543243,STARTER,3
2025,776244,571945,STARTER,2
2025,776244,571945,STARTER,6
2025,776244,668941,BULLPEN,10
2025,776231,669461,STARTER,5
2025,776222,601713,STARTER,2
2025,776222,601713,STARTER,2
2025,776222,601713,STARTER,2
2025,776222,670970,BULLPEN,10
2025,776198,656302,STARTER,5
2025,776198,670970,BULLPEN,7
2025,776198,669093,BULLPEN,9
2025,776171,641793,STARTER,3
2025,776153,671096,STARTER,3
2025,776153,671096,STARTER,3
2025,776153,671096,STARTER,6
2025,776153,683175,BULLPEN,6
2025,776144,663903,STARTER,3
2025,776144,663903,STARTER,4
2025,776144,663903,STARTER,4
2025,776144,666157,BULLPEN,4
2026_CUTOFF,823812,681343,STARTER,2
2026_CUTOFF,823812,681343,STARTER,2
2026_CUTOFF,823812,681343,STARTER,2
2026_CUTOFF,823812,681343,STARTER,2
2026_CUTOFF,823812,656794,BULLPEN,4
2026_CUTOFF,823812,656794,BULLPEN,4
2026_CUTOFF,823812,656457,BULLPEN,5
2026_CUTOFF,823812,656457,BULLPEN,5
2026_CUTOFF,823812,663855,BULLPEN,6
2026_CUTOFF,823812,663855,BULLPEN,6
2026_CUTOFF,823812,663855,BULLPEN,6
2026_CUTOFF,823812,699151,BULLPEN,7
2026_CUTOFF,823812,699151,BULLPEN,7
2026_CUTOFF,823812,699151,BULLPEN,7
2026_CUTOFF,823811,680732,STARTER,1
2026_CUTOFF,823811,680732,STARTER,1
2026_CUTOFF,823811,680732,STARTER,1
2026_CUTOFF,823811,680732,STARTER,2
2026_CUTOFF,823811,691799,BULLPEN,6
2026_CUTOFF,823811,663542,BULLPEN,7
2026_CUTOFF,823810,641743,STARTER,1
2026_CUTOFF,823810,641743,STARTER,1
2026_CUTOFF,823810,673929,BULLPEN,6
2026_CUTOFF,823810,669684,BULLPEN,8
2026_CUTOFF,823810,669684,BULLPEN,8
2026_CUTOFF,823810,669684,BULLPEN,8
2026_CUTOFF,823810,622554,BULLPEN,8
2026_CUTOFF,823810,669684,BULLPEN,8
2026_CUTOFF,823810,622554,BULLPEN,8
2026_CUTOFF,823809,607259,STARTER,6
2026_CUTOFF,823809,607259,STARTER,6
2026_CUTOFF,823807,663556,STARTER,5
2026_CUTOFF,823807,663556,STARTER,5
2026_CUTOFF,823807,663556,STARTER,5
2026_CUTOFF,823807,642121,BULLPEN,6
2026_CUTOFF,823807,642121,BULLPEN,6
2026_CUTOFF,823807,672782,BULLPEN,8
2026_CUTOFF,823806,656876,STARTER,3
2026_CUTOFF,823806,656876,STARTER,3
2026_CUTOFF,823806,643377,BULLPEN,8
2026_CUTOFF,823806,643377,BULLPEN,8
2026_CUTOFF,823806,643377,BULLPEN,8
2026_CUTOFF,823806,643377,BULLPEN,8
2026_CUTOFF,823806,643377,BULLPEN,8
2026_CUTOFF,823806,669438,BULLPEN,8
2026_CUTOFF,824132,679883,STARTER,1
2026_CUTOFF,824132,679883,STARTER,1
2026_CUTOFF,824132,679883,STARTER,3
2026_CUTOFF,824132,679883,STARTER,3
2026_CUTOFF,824132,679883,STARTER,3
2026_CUTOFF,824134,607625,STARTER,3
2026_CUTOFF,824134,607625,STARTER,3
2026_CUTOFF,824131,663460,STARTER,1
2026_CUTOFF,824131,663460,STARTER,1
2026_CUTOFF,824131,663460,STARTER,1
2026_CUTOFF,824131,663460,STARTER,4
2026_CUTOFF,824131,621381,BULLPEN,7
2026_CUTOFF,824131,621381,BULLPEN,7
2026_CUTOFF,824131,668674,BULLPEN,9
2026_CUTOFF,824131,668674,BULLPEN,9
2026_CUTOFF,824783,678394,STARTER,4
2026_CUTOFF,824783,678394,STARTER,4
2026_CUTOFF,824783,678394,STARTER,4
2026_CUTOFF,824783,678394,STARTER,4
2026_CUTOFF,824783,663558,BULLPEN,5
2026_CUTOFF,824783,676477,BULLPEN,8
2026_CUTOFF,824783,676477,BULLPEN,8
2026_CUTOFF,824783,670245,BULLPEN,9
2026_CUTOFF,824780,676979,STARTER,7
2026_CUTOFF,824780,676979,STARTER,7
2026_CUTOFF,823808,663623,STARTER,1
2026_CUTOFF,823808,663623,STARTER,1
2026_CUTOFF,823808,663623,STARTER,1
2026_CUTOFF,823805,690925,BULLPEN,9
2026_CUTOFF,823804,641793,STARTER,3
2026_CUTOFF,823804,641793,STARTER,4
2026_CUTOFF,823804,641793,STARTER,5
2026_CUTOFF,823804,669371,BULLPEN,7
2026_CUTOFF,823804,686610,BULLPEN,7
2026_CUTOFF,823804,669371,BULLPEN,7
2026_CUTOFF,823802,592332,STARTER,4
2026_CUTOFF,823802,592332,STARTER,4
2026_CUTOFF,823802,592332,STARTER,4
2026_CUTOFF,823802,680755,BULLPEN,7
2026_CUTOFF,823802,656546,BULLPEN,9
2026_CUTOFF,823802,656546,BULLPEN,9
2026_CUTOFF,823802,686973,BULLPEN,10
2026_CUTOFF,823803,643511,BULLPEN,8
2026_CUTOFF,823803,643511,BULLPEN,8
2026_CUTOFF,823801,571578,STARTER,4
2026_CUTOFF,823801,667297,BULLPEN,7
2026_CUTOFF,823883,676083,STARTER,4
2026_CUTOFF,823883,676083,STARTER,4
2026_CUTOFF,823883,676083,STARTER,4
2026_CUTOFF,823883,676083,STARTER,6
2026_CUTOFF,823883,676534,BULLPEN,10
2026_CUTOFF,823883,676534,BULLPEN,10
2026_CUTOFF,823883,676534,BULLPEN,10
2026_CUTOFF,823882,645261,STARTER,4
2026_CUTOFF,823882,645261,STARTER,5
2026_CUTOFF,823882,645261,STARTER,5
2026_CUTOFF,823882,669622,BULLPEN,6
2026_CUTOFF,823882,669622,BULLPEN,6
2026_CUTOFF,823881,691587,STARTER,6
2026_CUTOFF,823881,677053,BULLPEN,8
2026_CUTOFF,823881,656848,BULLPEN,8
2026_CUTOFF,824290,672456,STARTER,2
2026_CUTOFF,824290,672456,STARTER,2
2026_CUTOFF,824290,672456,STARTER,2
2026_CUTOFF,824290,646241,BULLPEN,7
2026_CUTOFF,824290,646241,BULLPEN,7
2026_CUTOFF,824290,646241,BULLPEN,8
2026_CUTOFF,824290,646241,BULLPEN,8
2026_CUTOFF,824290,646241,BULLPEN,8
2026_CUTOFF,824290,646241,BULLPEN,8
2026_CUTOFF,824290,646241,BULLPEN,8
2026_CUTOFF,824290,657756,BULLPEN,8
2026_CUTOFF,824290,657756,BULLPEN,8
2026_CUTOFF,824286,663554,STARTER,3
2026_CUTOFF,824286,676684,BULLPEN,8
2026_CUTOFF,824288,669373,STARTER,4
2026_CUTOFF,824288,669373,STARTER,7
2026_CUTOFF,824288,669373,STARTER,7
2026_CUTOFF,824288,669373,STARTER,7
2026_CUTOFF,823799,656605,STARTER,4
2026_CUTOFF,823799,656605,STARTER,4
2026_CUTOFF,823799,656605,STARTER,6
2026_CUTOFF,823797,669387,STARTER,4
2026_CUTOFF,823797,669387,STARTER,4
2026_CUTOFF,823797,669387,STARTER,4
2026_CUTOFF,823797,669387,STARTER,4
2026_CUTOFF,823797,669387,STARTER,4
2026_CUTOFF,823798,518876,STARTER,2
2026_CUTOFF,823798,518876,STARTER,4
2026_CUTOFF,823798,518876,STARTER,4
2026_CUTOFF,823798,518876,STARTER,5
2026_CUTOFF,823798,518876,STARTER,5
2026_CUTOFF,823798,694851,BULLPEN,6
2026_CUTOFF,823798,694851,BULLPEN,6
2026_CUTOFF,823798,694851,BULLPEN,6
2026_CUTOFF,823798,694851,BULLPEN,6
2026_CUTOFF,823798,694851,BULLPEN,6
2026_CUTOFF,823798,694851,BULLPEN,6
2026_CUTOFF,823798,694851,BULLPEN,6
2026_CUTOFF,823798,694851,BULLPEN,6
2026_CUTOFF,823796,593958,STARTER,1
2026_CUTOFF,823796,593958,STARTER,3
2026_CUTOFF,823795,647336,STARTER,1
2026_CUTOFF,823795,647336,STARTER,1
2026_CUTOFF,823795,647336,STARTER,1
2026_CUTOFF,823795,647336,STARTER,3
2026_CUTOFF,823795,647336,STARTER,3
2026_CUTOFF,823795,647336,STARTER,3
2026_CUTOFF,823795,647336,STARTER,4
2026_CUTOFF,823795,647336,STARTER,4
2026_CUTOFF,823795,691769,BULLPEN,6
2026_CUTOFF,823795,691769,BULLPEN,6
2026_CUTOFF,823795,642528,BULLPEN,6
2026_CUTOFF,823795,694297,BULLPEN,7
2026_CUTOFF,823795,543510,BULLPEN,8
2026_CUTOFF,822744,663623,STARTER,1
2026_CUTOFF,822744,663623,STARTER,3
2026_CUTOFF,822744,663623,STARTER,5
2026_CUTOFF,822744,663623,STARTER,5
2026_CUTOFF,822744,701552,BULLPEN,8
2026_CUTOFF,822744,701552,BULLPEN,8
2026_CUTOFF,822746,656492,STARTER,1
2026_CUTOFF,822746,656492,STARTER,1
2026_CUTOFF,822746,656492,STARTER,1
2026_CUTOFF,822746,695418,BULLPEN,8
2026_CUTOFF,822742,641793,BULLPEN,5
2026_CUTOFF,822742,681402,BULLPEN,9
2026_CUTOFF,823064,681517,STARTER,6
2026_CUTOFF,823064,700669,BULLPEN,9
2026_CUTOFF,823064,700669,BULLPEN,9
2026_CUTOFF,823063,669467,STARTER,1
2026_CUTOFF,823063,669467,STARTER,1
2026_CUTOFF,823063,669467,STARTER,1
2026_CUTOFF,823063,669467,STARTER,1
2026_CUTOFF,823063,669467,STARTER,5
2026_CUTOFF,823063,694335,BULLPEN,9
2026_CUTOFF,823794,608331,STARTER,2
2026_CUTOFF,823794,608331,STARTER,2
2026_CUTOFF,823794,608331,STARTER,2
2026_CUTOFF,823794,608331,STARTER,2
2026_CUTOFF,823794,608331,STARTER,3
2026_CUTOFF,823794,665645,BULLPEN,7
2026_CUTOFF,823792,687396,BULLPEN,7
2026_CUTOFF,823792,666808,BULLPEN,8
2026_CUTOFF,823792,518585,BULLPEN,10
2026_CUTOFF,823792,518585,BULLPEN,10
2026_CUTOFF,823793,607074,STARTER,4
2026_CUTOFF,823793,607074,STARTER,4
2026_CUTOFF,823793,607074,STARTER,4
2026_CUTOFF,823793,670280,BULLPEN,9
2026_CUTOFF,823790,663362,BULLPEN,3
2026_CUTOFF,823790,663362,BULLPEN,4
2026_CUTOFF,823790,663362,BULLPEN,4
2026_CUTOFF,823790,663362,BULLPEN,4
2026_CUTOFF,823790,663362,BULLPEN,4
2026_CUTOFF,823790,663362,BULLPEN,4
2026_CUTOFF,823791,650633,STARTER,5
2026_CUTOFF,823789,656288,STARTER,1
2026_CUTOFF,823789,656288,STARTER,1
2026_CUTOFF,823789,656288,STARTER,1
2026_CUTOFF,823789,656288,STARTER,2
2026_CUTOFF,823789,656288,STARTER,2
2026_CUTOFF,823789,656288,STARTER,2
2026_CUTOFF,823789,676760,BULLPEN,4
2026_CUTOFF,823707,657746,STARTER,1
2026_CUTOFF,823707,702193,BULLPEN,8
2026_CUTOFF,823707,702193,BULLPEN,8
2026_CUTOFF,823706,687570,STARTER,4
2026_CUTOFF,823706,687570,STARTER,6
2026_CUTOFF,823708,641927,STARTER,2
2026_CUTOFF,823708,641927,STARTER,4
2026_CUTOFF,823708,641927,STARTER,5
2026_CUTOFF,823708,472610,BULLPEN,9
2026_CUTOFF,824680,684007,STARTER,2
2026_CUTOFF,824680,684007,STARTER,4
2026_CUTOFF,824680,684007,STARTER,4
2026_CUTOFF,824680,684007,STARTER,4
2026_CUTOFF,824680,684007,STARTER,4
2026_CUTOFF,824680,684007,STARTER,5
2026_CUTOFF,824680,684007,STARTER,5
2026_CUTOFF,824680,684007,STARTER,5
2026_CUTOFF,824680,681799,BULLPEN,6
2026_CUTOFF,824677,676962,STARTER,1
2026_CUTOFF,824677,676962,STARTER,3
2026_CUTOFF,824677,676962,STARTER,3
2026_CUTOFF,824677,663423,BULLPEN,8
2026_CUTOFF,824677,663423,BULLPEN,8
2026_CUTOFF,824678,665795,STARTER,2
2026_CUTOFF,824678,665795,STARTER,2
2026_CUTOFF,824678,665795,STARTER,2
2026_CUTOFF,824678,665795,STARTER,3
2026_CUTOFF,824678,664208,BULLPEN,7
2026_CUTOFF,823788,680736,STARTER,1
2026_CUTOFF,823788,680736,STARTER,1
2026_CUTOFF,823788,680736,STARTER,1
2026_CUTOFF,823788,680736,STARTER,1
2026_CUTOFF,823788,680736,STARTER,2
2026_CUTOFF,823787,808963,STARTER,1
2026_CUTOFF,823787,808963,STARTER,1
2026_CUTOFF,823787,808963,STARTER,1
2026_CUTOFF,823786,808967,STARTER,2
2026_CUTOFF,823784,669461,STARTER,1
2026_CUTOFF,823784,669461,STARTER,1
2026_CUTOFF,823784,669461,STARTER,1
2026_CUTOFF,823784,802408,BULLPEN,6
2026_CUTOFF,823784,802408,BULLPEN,7
2026_CUTOFF,823785,700241,STARTER,4
2026_CUTOFF,823785,700241,STARTER,5
2026_CUTOFF,823785,700241,STARTER,5
2026_CUTOFF,823785,681676,BULLPEN,5
2026_CUTOFF,823785,700241,STARTER,5
2026_CUTOFF,823785,700241,STARTER,5
2026_CUTOFF,823783,669160,STARTER,8
2026_CUTOFF,823783,669160,STARTER,8
2026_CUTOFF,824191,678906,STARTER,3
2026_CUTOFF,824191,678906,STARTER,5
2026_CUTOFF,824191,678906,STARTER,5
2026_CUTOFF,824191,650556,BULLPEN,8
2026_CUTOFF,824191,695001,BULLPEN,10
2026_CUTOFF,824190,663567,STARTER,1
2026_CUTOFF,824190,663567,STARTER,5
2026_CUTOFF,824187,837227,STARTER,4
2026_CUTOFF,824187,837227,STARTER,4
2026_CUTOFF,823781,694738,STARTER,2
2026_CUTOFF,823781,694738,STARTER,2
2026_CUTOFF,823781,694738,STARTER,2
2026_CUTOFF,823781,694738,STARTER,2
2026_CUTOFF,823781,694738,STARTER,2
2026_CUTOFF,823781,694738,STARTER,2
2026_CUTOFF,823781,694738,STARTER,2
2026_CUTOFF,823781,694738,STARTER,4
2026_CUTOFF,823781,678576,BULLPEN,6
2026_CUTOFF,823781,678576,BULLPEN,6
2026_CUTOFF,823781,657424,BULLPEN,7
2026_CUTOFF,823781,657424,BULLPEN,7
2026_CUTOFF,823781,671083,BULLPEN,8
2026_CUTOFF,823781,671083,BULLPEN,8
2026_CUTOFF,823781,671083,BULLPEN,8
2026_CUTOFF,823781,671083,BULLPEN,8
2026_CUTOFF,823782,686790,STARTER,1
2026_CUTOFF,823782,686790,STARTER,1
2026_CUTOFF,823782,686790,STARTER,1
2026_CUTOFF,823782,656529,BULLPEN,7
2026_CUTOFF,823782,663941,BULLPEN,8
2026_CUTOFF,823782,663941,BULLPEN,8
2026_CUTOFF,823782,663941,BULLPEN,8
2026_CUTOFF,823782,663941,BULLPEN,8
2026_CUTOFF,823779,605288,STARTER,1
2026_CUTOFF,823779,605288,STARTER,5
2026_CUTOFF,823779,605288,STARTER,5
2026_CUTOFF,823779,664141,BULLPEN,7
2026_CUTOFF,823779,664141,BULLPEN,7
2026_CUTOFF,823779,663941,BULLPEN,8
2026_CUTOFF,823779,678576,BULLPEN,9
2026_CUTOFF,823779,678576,BULLPEN,9
2026_CUTOFF,823779,678576,BULLPEN,9
2026_CUTOFF,824350,663372,STARTER,2
2026_CUTOFF,824350,622608,BULLPEN,9
2026_CUTOFF,824350,622608,BULLPEN,9
2026_CUTOFF,824350,622608,BULLPEN,9
2026_CUTOFF,824350,622608,BULLPEN,9
2026_CUTOFF,824350,675848,BULLPEN,10
2026_CUTOFF,824350,675848,BULLPEN,10
2026_CUTOFF,824350,675848,BULLPEN,10
2026_CUTOFF,824350,675848,BULLPEN,10
2026_CUTOFF,824351,688642,STARTER,1
2026_CUTOFF,824351,688642,STARTER,2
2026_CUTOFF,824351,657514,BULLPEN,7
2026_CUTOFF,824351,657514,BULLPEN,7
2026_CUTOFF,824351,657514,BULLPEN,7
2026_CUTOFF,824351,669298,BULLPEN,8
2026_CUTOFF,824351,669298,BULLPEN,8
2026_CUTOFF,824349,607536,STARTER,2
2026_CUTOFF,824349,607536,STARTER,6
2026_CUTOFF,824349,677955,BULLPEN,6
2026_CUTOFF,824349,607536,STARTER,6
2026_CUTOFF,824349,677955,BULLPEN,6
2026_CUTOFF,824349,677955,BULLPEN,6
2026_CUTOFF,824349,677955,BULLPEN,6
2026_CUTOFF,824349,677955,BULLPEN,6
2026_CUTOFF,824349,624522,BULLPEN,9
2026_CUTOFF,824349,624522,BULLPEN,9
2026_CUTOFF,824349,624522,BULLPEN,9
2026_CUTOFF,824349,624522,BULLPEN,9
2026_CUTOFF,824998,605488,STARTER,1
2026_CUTOFF,824998,605488,STARTER,3
2026_CUTOFF,824998,605488,STARTER,3
2026_CUTOFF,824998,605488,STARTER,3
2026_CUTOFF,824998,605488,STARTER,5
2026_CUTOFF,824998,665622,BULLPEN,7
2026_CUTOFF,824998,665622,BULLPEN,7
2026_CUTOFF,824998,643410,BULLPEN,8
2026_CUTOFF,824998,663687,BULLPEN,9
2026_CUTOFF,824998,663687,BULLPEN,9
2026_CUTOFF,824998,605130,BULLPEN,10
2026_CUTOFF,824998,605130,BULLPEN,10
2026_CUTOFF,824998,605130,BULLPEN,10
2026_CUTOFF,824998,605130,BULLPEN,10
2026_CUTOFF,824998,660761,BULLPEN,12
2026_CUTOFF,824999,669372,STARTER,1
2026_CUTOFF,824999,669372,STARTER,1
2026_CUTOFF,824999,669372,STARTER,4
2026_CUTOFF,824999,669372,STARTER,6
2026_CUTOFF,824999,669372,STARTER,6
2026_CUTOFF,824996,678022,STARTER,1
2026_CUTOFF,824996,678022,STARTER,2
2026_CUTOFF,824996,678022,STARTER,3
2026_CUTOFF,823778,621383,STARTER,1
2026_CUTOFF,823778,691725,BULLPEN,2
2026_CUTOFF,823778,691725,BULLPEN,5
2026_CUTOFF,823778,691725,BULLPEN,5
2026_CUTOFF,823778,691725,BULLPEN,5
2026_CUTOFF,823778,691725,BULLPEN,6
2026_CUTOFF,823776,605400,STARTER,4
2026_CUTOFF,823776,605400,STARTER,4
2026_CUTOFF,823776,605400,STARTER,5
2026_CUTOFF,823776,621237,BULLPEN,7
2026_CUTOFF,823776,621237,BULLPEN,7
2026_CUTOFF,823776,641745,BULLPEN,8
2026_CUTOFF,823776,641745,BULLPEN,8
2026_CUTOFF,823776,641745,BULLPEN,8
2026_CUTOFF,823777,650911,STARTER,1
2026_CUTOFF,823777,650911,STARTER,4
2026_CUTOFF,823777,650911,STARTER,4
2026_CUTOFF,823777,650911,STARTER,4
2026_CUTOFF,823775,677944,STARTER,4
2026_CUTOFF,823775,683769,BULLPEN,7
2026_CUTOFF,823774,668909,STARTER,1
2026_CUTOFF,823774,668909,STARTER,1
2026_CUTOFF,823774,668909,STARTER,1
2026_CUTOFF,823774,668909,STARTER,2
2026_CUTOFF,823774,668909,STARTER,2
2026_CUTOFF,823774,668909,STARTER,4
2026_CUTOFF,823774,668909,STARTER,4
2026_CUTOFF,823774,702021,BULLPEN,8
2026_CUTOFF,823774,702021,BULLPEN,8
2026_CUTOFF,823772,800048,STARTER,2
2026_CUTOFF,823772,800048,STARTER,4
2026_CUTOFF,824910,527048,STARTER,3
2026_CUTOFF,824910,628452,BULLPEN,9
2026_CUTOFF,824909,519242,STARTER,6
2026_CUTOFF,824909,519242,STARTER,6
2026_CUTOFF,824909,800311,BULLPEN,7
2026_CUTOFF,824908,693821,STARTER,2
2026_CUTOFF,824908,693821,STARTER,2
2026_CUTOFF,824908,693821,STARTER,2
2026_CUTOFF,824908,693821,STARTER,2
2026_CUTOFF,824908,693821,STARTER,2
2026_CUTOFF,824908,693821,STARTER,2
2026_CUTOFF,824908,693821,STARTER,2
2026_CUTOFF,824908,693821,STARTER,2
2026_CUTOFF,824908,625643,BULLPEN,7
2026_CUTOFF,824502,663574,BULLPEN,10
2026_CUTOFF,824502,663574,BULLPEN,10
2026_CUTOFF,824501,670062,BULLPEN,6
2026_CUTOFF,824501,695534,BULLPEN,8
2026_CUTOFF,824500,695076,STARTER,3
2026_CUTOFF,824500,695076,STARTER,3
2026_CUTOFF,824500,695076,STARTER,3
2026_CUTOFF,824500,594580,BULLPEN,7
2026_CUTOFF,824500,594580,BULLPEN,7
2026_CUTOFF,824500,594580,BULLPEN,7
2026_CUTOFF,823773,681799,BULLPEN,6
2026_CUTOFF,823773,607067,STARTER,6
2026_CUTOFF,823773,681799,BULLPEN,6
2026_CUTOFF,823773,681151,BULLPEN,7
2026_CUTOFF,823773,681151,BULLPEN,7
2026_CUTOFF,823773,681151,BULLPEN,8
2026_CUTOFF,823770,656849,STARTER,1
2026_CUTOFF,823770,656849,STARTER,5
2026_CUTOFF,823769,669020,STARTER,2
2026_CUTOFF,823769,681799,BULLPEN,10
2026_CUTOFF,823769,681799,BULLPEN,10
2026_CUTOFF,823771,695534,BULLPEN,6
2026_CUTOFF,823771,695534,BULLPEN,6
2026_CUTOFF,823771,695534,BULLPEN,7
2026_CUTOFF,823771,622088,BULLPEN,8
2026_CUTOFF,823771,594580,BULLPEN,8
2026_CUTOFF,823768,695076,STARTER,2
2026_CUTOFF,823768,695076,STARTER,4
2026_CUTOFF,823768,695076,STARTER,4
2026_CUTOFF,823768,695076,STARTER,4
2026_CUTOFF,823768,695076,STARTER,4
2026_CUTOFF,823768,695076,STARTER,5
2026_CUTOFF,823768,670062,BULLPEN,8
2026_CUTOFF,823767,671096,STARTER,1
2026_CUTOFF,823767,671096,STARTER,1
2026_CUTOFF,823767,656271,BULLPEN,7
2026_CUTOFF,823767,656271,BULLPEN,7
2026_CUTOFF,823765,695505,STARTER,5
2026_CUTOFF,823765,695505,STARTER,6
2026_CUTOFF,825062,703615,STARTER,2
2026_CUTOFF,825062,703615,STARTER,2
2026_CUTOFF,825062,703615,STARTER,3
2026_CUTOFF,825062,657044,BULLPEN,11
2026_CUTOFF,825062,657044,BULLPEN,11
2026_CUTOFF,825062,657044,BULLPEN,11
2026_CUTOFF,825062,657044,BULLPEN,11
2026_CUTOFF,825063,518876,STARTER,5
2026_CUTOFF,825063,518876,STARTER,5
2026_CUTOFF,825063,623149,BULLPEN,9
2026_CUTOFF,825061,593958,STARTER,7
2026_CUTOFF,825061,593958,STARTER,7
2026_CUTOFF,825061,656464,BULLPEN,7
2026_CUTOFF,823036,677865,BULLPEN,7
2026_CUTOFF,823036,681676,BULLPEN,7
2026_CUTOFF,823036,681676,BULLPEN,7
2026_CUTOFF,823036,681676,BULLPEN,7
2026_CUTOFF,823035,690928,STARTER,3
2026_CUTOFF,823035,690928,STARTER,5
2026_CUTOFF,823035,690928,STARTER,5
2026_CUTOFF,823035,694363,BULLPEN,7
2026_CUTOFF,823035,694363,BULLPEN,7
2026_CUTOFF,823035,694363,BULLPEN,7
2026_CUTOFF,823035,694363,BULLPEN,7
2026_CUTOFF,823035,694363,BULLPEN,7
2026_CUTOFF,823035,694363,BULLPEN,7
2026_CUTOFF,823035,694363,BULLPEN,7
2026_CUTOFF,823062,669145,BULLPEN,3
2026_CUTOFF,823062,669145,BULLPEN,3
2026_CUTOFF,823062,669145,BULLPEN,6
2026_CUTOFF,823062,592773,BULLPEN,7
2026_CUTOFF,823032,700241,STARTER,7
2026_CUTOFF,823034,669467,STARTER,2
2026_CUTOFF,823034,669467,STARTER,2
2026_CUTOFF,823034,669467,STARTER,3
2026_CUTOFF,823034,669467,STARTER,3
2026_CUTOFF,823034,669467,STARTER,3
2026_CUTOFF,823034,669467,STARTER,3
2026_CUTOFF,823034,703725,BULLPEN,7
2026_CUTOFF,823034,694335,BULLPEN,9
2026_CUTOFF,823356,696149,STARTER,5
2026_CUTOFF,823356,696149,STARTER,5
2026_CUTOFF,823357,677952,STARTER,2
2026_CUTOFF,823357,677952,STARTER,2
2026_CUTOFF,823357,677952,STARTER,5
2026_CUTOFF,823357,677952,STARTER,5
2026_CUTOFF,823357,677952,STARTER,5
2026_CUTOFF,823357,669387,BULLPEN,7
2026_CUTOFF,823358,694973,STARTER,4
2026_CUTOFF,823358,694973,STARTER,4
2026_CUTOFF,823358,699008,BULLPEN,8
2026_CUTOFF,823358,699008,BULLPEN,8
2026_CUTOFF,823358,699008,BULLPEN,8
2026_CUTOFF,823766,645261,STARTER,5
2026_CUTOFF,823766,669199,BULLPEN,10
2026_CUTOFF,823763,676974,STARTER,2
2026_CUTOFF,823763,676974,STARTER,3
2026_CUTOFF,823763,676534,BULLPEN,6
2026_CUTOFF,823763,676534,BULLPEN,6
2026_CUTOFF,823763,676534,BULLPEN,6
2026_CUTOFF,823763,676534,BULLPEN,6
2026_CUTOFF,823763,687473,BULLPEN,7
2026_CUTOFF,823763,687473,BULLPEN,7
2026_CUTOFF,823764,664126,BULLPEN,9
2026_CUTOFF,823764,664126,BULLPEN,9
2026_CUTOFF,823764,664126,BULLPEN,9
2026_CUTOFF,823762,642547,STARTER,1
2026_CUTOFF,823762,642547,STARTER,1
2026_CUTOFF,823762,642547,STARTER,2
2026_CUTOFF,823762,642547,STARTER,3
2026_CUTOFF,823762,642547,STARTER,3
2026_CUTOFF,823762,675540,BULLPEN,6
2026_CUTOFF,823762,642547,STARTER,6
2026_CUTOFF,823762,642547,STARTER,6
2026_CUTOFF,823761,681035,STARTER,2
2026_CUTOFF,823761,681035,STARTER,2
2026_CUTOFF,823761,681035,STARTER,2
2026_CUTOFF,823761,623211,BULLPEN,6
