PERIOD,DATE,GAME_PK,IS_HOME,VENUE,OPP_ID,OPP,OPP_STRENGTH,RS,RA,R_1_3,R_4_6,R_7_PLUS,RA_1_3,RA_4_6,RA_7_PLUS,OFF_HALF_INNINGS,HALF_INNINGS_3PLUS,STARTER_RUNS,BULLPEN_RUNS,UNRESOLVED
2024,2024-03-20,745444,False,AWAY,135,San Diego Padres,FUERTE,5,2,0,1,4,1,1,0,9,1,1,4,0
2024,2024-03-21,746175,True,HOME,135,San Diego Padres,FUERTE,11,15,6,2,3,9,2,4,9,1,5,6,0
2024,2024-03-28,746165,True,HOME,138,St. Louis Cardinals,MEDIO,7,1,5,1,1,0,1,0,8,1,5,2,0
2024,2024-03-29,746167,True,HOME,138,St. Louis Cardinals,MEDIO,6,3,2,3,1,0,0,3,8,1,5,1,0
2024,2024-03-30,746168,True,HOME,138,St. Louis Cardinals,MEDIO,5,6,0,2,3,0,0,6,10,0,0,5,0
2024,2024-03-31,746166,True,HOME,138,St. Louis Cardinals,MEDIO,5,4,0,2,3,1,3,0,8,1,2,3,0
2024,2024-04-01,746170,True,HOME,137,San Francisco Giants,MEDIO,8,3,3,3,2,0,1,2,8,1,3,5,0
2024,2024-04-02,746169,True,HOME,137,San Francisco Giants,MEDIO,5,4,2,3,0,2,2,0,8,1,5,0,0
2024,2024-04-03,746163,True,HOME,137,San Francisco Giants,MEDIO,5,4,3,1,1,1,2,1,8,0,4,1,0
2024,2024-04-05,746897,False,AWAY,112,Chicago Cubs,MEDIO,7,9,2,3,2,6,3,0,9,1,5,2,0
2024,2024-04-06,746896,False,AWAY,112,Chicago Cubs,MEDIO,4,1,0,3,1,0,0,1,9,1,2,2,0
2024,2024-04-07,746895,False,AWAY,112,Chicago Cubs,MEDIO,1,8,0,0,1,5,3,0,9,0,0,1,0
2024,2024-04-08,745925,False,AWAY,142,Minnesota Twins,MEDIO,4,2,1,1,2,2,0,0,9,0,1,3,0
2024,2024-04-09,745924,False,AWAY,142,Minnesota Twins,MEDIO,6,3,0,6,0,0,0,3,9,2,6,0,0
2024,2024-04-10,745923,False,AWAY,142,Minnesota Twins,MEDIO,2,3,1,1,0,2,1,0,9,0,2,0,0
2024,2024-04-12,746162,True,HOME,135,San Diego Padres,FUERTE,7,8,7,0,0,3,1,4,11,1,7,0,0
2024,2024-04-13,746161,True,HOME,135,San Diego Padres,FUERTE,5,2,0,4,1,0,1,1,8,1,1,4,0
2024,2024-04-14,746164,True,HOME,135,San Diego Padres,FUERTE,3,6,0,3,0,0,3,3,9,1,3,0,0
2024,2024-04-15,746158,True,HOME,120,Washington Nationals,DEBIL,4,6,2,1,1,3,3,0,9,0,2,2,0
2024,2024-04-16,746157,True,HOME,120,Washington Nationals,DEBIL,6,2,3,1,2,2,0,0,8,0,5,1,0
2024,2024-04-17,746159,True,HOME,120,Washington Nationals,DEBIL,0,2,0,0,0,2,0,0,9,0,0,0,0
2024,2024-04-19,746160,True,HOME,121,New York Mets,MEDIO,4,9,0,4,0,4,0,5,9,0,2,2,0
2024,2024-04-20,746156,True,HOME,121,New York Mets,MEDIO,4,6,1,3,0,1,4,1,9,0,2,2,0
2024,2024-04-21,746154,True,HOME,121,New York Mets,MEDIO,10,0,2,8,0,0,0,0,8,1,8,2,0
2024,2024-04-23,744863,False,AWAY,120,Washington Nationals,DEBIL,4,1,0,1,3,1,0,0,9,0,0,4,0
2024,2024-04-24,744864,False,AWAY,120,Washington Nationals,DEBIL,11,2,4,2,5,2,0,0,9,1,6,5,0
2024,2024-04-25,744867,False,AWAY,120,Washington Nationals,DEBIL,2,1,1,0,1,0,0,1,9,0,1,1,0
2024,2024-04-26,744949,False,AWAY,141,Toronto Blue Jays,DEBIL,12,2,7,4,1,0,1,1,9,1,7,5,0
2024,2024-04-27,744946,False,AWAY,141,Toronto Blue Jays,DEBIL,4,2,3,1,0,0,0,2,9,0,4,0,0
2024,2024-04-28,744947,False,AWAY,141,Toronto Blue Jays,DEBIL,1,3,0,1,0,3,0,0,9,0,1,0,0
2024,2024-04-29,747211,False,AWAY,109,Arizona Diamondbacks,DEBIL,8,4,2,5,1,1,3,0,9,1,2,6,0
2024,2024-04-30,747210,False,AWAY,109,Arizona Diamondbacks,DEBIL,3,4,0,2,1,0,1,3,10,0,0,3,0
2024,2024-05-01,747207,False,AWAY,109,Arizona Diamondbacks,DEBIL,8,0,6,0,2,0,0,0,9,1,6,2,0
2024,2024-05-03,746152,True,HOME,144,Atlanta Braves,FUERTE,4,3,1,1,2,1,0,2,11,0,2,2,0
2024,2024-05-04,746155,True,HOME,144,Atlanta Braves,FUERTE,11,2,3,4,4,0,1,1,8,2,7,4,0
2024,2024-05-05,746153,True,HOME,144,Atlanta Braves,FUERTE,5,1,2,2,1,0,0,1,8,0,4,1,0
2024,2024-05-06,746149,True,HOME,146,Miami Marlins,DEBIL,6,3,6,0,0,3,0,0,8,1,6,0,0
2024,2024-05-07,746147,True,HOME,146,Miami Marlins,DEBIL,8,2,8,0,0,1,1,0,8,2,4,4,0
2024,2024-05-08,746151,True,HOME,146,Miami Marlins,DEBIL,3,1,1,2,0,0,1,0,8,0,3,0,0
2024,2024-05-10,745421,False,AWAY,135,San Diego Padres,FUERTE,1,2,0,0,1,1,0,1,9,0,0,1,0
2024,2024-05-11,745422,False,AWAY,135,San Diego Padres,FUERTE,5,0,1,4,0,0,0,0,9,1,2,3,0
2024,2024-05-12,745419,False,AWAY,135,San Diego Padres,FUERTE,0,4,0,0,0,2,2,0,9,0,0,0,0
2024,2024-05-13,745343,False,AWAY,137,San Francisco Giants,MEDIO,6,4,1,2,3,3,1,0,10,0,2,4,0
2024,2024-05-14,745342,False,AWAY,137,San Francisco Giants,MEDIO,10,2,0,5,5,0,1,1,9,2,5,5,0
2024,2024-05-15,745341,False,AWAY,137,San Francisco Giants,MEDIO,1,4,0,0,1,2,1,1,9,0,0,1,0
2024,2024-05-16,746150,True,HOME,113,Cincinnati Reds,MEDIO,2,7,0,0,2,3,1,3,9,0,0,2,0
2024,2024-05-17,746148,True,HOME,113,Cincinnati Reds,MEDIO,7,3,3,0,4,0,3,0,8,0,3,4,0
2024,2024-05-18,746142,True,HOME,113,Cincinnati Reds,MEDIO,4,0,0,3,1,0,0,0,8,0,3,1,0
2024,2024-05-19,746144,True,HOME,113,Cincinnati Reds,MEDIO,3,2,0,2,1,0,1,1,10,0,2,1,0
2024,2024-05-20,746146,True,HOME,109,Arizona Diamondbacks,DEBIL,6,4,6,0,0,1,0,3,8,1,0,6,0
2024,2024-05-21,746145,True,HOME,109,Arizona Diamondbacks,DEBIL,3,7,0,3,0,2,2,3,9,0,3,0,0
2024,2024-05-22,746143,True,HOME,109,Arizona Diamondbacks,DEBIL,0,6,0,0,0,0,4,2,9,0,0,0,0
2024,2024-05-24,746713,False,AWAY,113,Cincinnati Reds,MEDIO,6,9,4,1,1,3,6,0,9,1,5,1,0
2024,2024-05-25,746710,False,AWAY,113,Cincinnati Reds,MEDIO,1,3,1,0,0,2,1,0,9,0,1,0,0
2024,2024-05-26,746711,False,AWAY,113,Cincinnati Reds,MEDIO,1,4,0,0,1,4,0,0,9,0,0,1,0
2024,2024-05-28,745816,False,AWAY,121,New York Mets,MEDIO,3,0,2,1,0,0,0,0,9,0,3,0,0
2024,2024-05-28,745818,False,AWAY,121,New York Mets,MEDIO,5,2,0,0,5,2,0,0,10,1,0,5,0
2024,2024-05-29,745817,False,AWAY,121,New York Mets,MEDIO,10,3,1,2,7,0,3,0,9,1,3,7,0
2024,2024-05-31,746140,True,HOME,115,Colorado Rockies,DEBIL,1,4,0,0,1,3,1,0,9,0,1,0,0
2024,2024-06-01,746138,True,HOME,115,Colorado Rockies,DEBIL,4,1,2,2,0,1,0,0,8,0,4,0,0
2024,2024-06-02,746141,True,HOME,115,Colorado Rockies,DEBIL,4,0,3,0,1,0,0,0,8,0,3,1,0
2024,2024-06-04,745497,False,AWAY,134,Pittsburgh Pirates,DEBIL,0,1,0,0,0,1,0,0,9,0,0,0,0
2024,2024-06-05,745494,False,AWAY,134,Pittsburgh Pirates,DEBIL,6,10,2,2,2,7,1,2,9,0,3,3,0
2024,2024-06-06,745495,False,AWAY,134,Pittsburgh Pirates,DEBIL,11,7,4,7,0,4,0,3,9,2,5,6,0
2024,2024-06-07,745737,False,AWAY,147,New York Yankees,FUERTE,2,1,0,0,2,0,0,1,11,0,0,2,0
2024,2024-06-08,745735,False,AWAY,147,New York Yankees,FUERTE,11,3,2,2,7,2,0,1,9,2,4,7,0
2024,2024-06-09,745736,False,AWAY,147,New York Yankees,FUERTE,4,6,0,3,1,2,3,1,9,0,3,1,0
2024,2024-06-11,746139,True,HOME,140,Texas Rangers,MEDIO,15,2,3,11,1,1,0,1,8,3,6,9,0
2024,2024-06-12,746137,True,HOME,140,Texas Rangers,MEDIO,2,3,1,0,1,0,3,0,9,0,1,1,0
2024,2024-06-13,746136,True,HOME,140,Texas Rangers,MEDIO,1,3,0,0,1,3,0,0,9,0,1,0,0
2024,2024-06-14,746134,True,HOME,118,Kansas City Royals,FUERTE,4,3,0,3,1,0,3,0,8,1,3,1,0
2024,2024-06-15,746135,True,HOME,118,Kansas City Royals,FUERTE,2,7,0,2,0,0,5,2,9,0,2,0,0
2024,2024-06-16,746130,True,HOME,118,Kansas City Royals,FUERTE,3,0,1,2,0,0,0,0,8,0,3,0,0
2024,2024-06-17,746543,False,AWAY,115,Colorado Rockies,DEBIL,9,5,3,0,6,1,0,4,9,0,3,6,0
2024,2024-06-18,746542,False,AWAY,115,Colorado Rockies,DEBIL,11,9,2,1,8,6,2,1,9,1,4,7,0
2024,2024-06-19,746538,False,AWAY,115,Colorado Rockies,DEBIL,6,7,4,2,0,3,1,3,9,1,6,0,0
2024,2024-06-20,746539,False,AWAY,115,Colorado Rockies,DEBIL,5,3,3,2,0,0,2,1,9,0,5,0,0
2024,2024-06-21,746131,True,HOME,108,Los Angeles Angels,DEBIL,2,3,0,2,0,0,2,1,10,0,0,2,0
2024,2024-06-22,746132,True,HOME,108,Los Angeles Angels,DEBIL,7,2,4,3,0,0,1,1,8,1,6,1,0
2024,2024-06-24,746780,False,AWAY,145,Chicago White Sox,DEBIL,3,0,0,0,3,0,0,0,9,0,0,3,0
2024,2024-06-25,746775,False,AWAY,145,Chicago White Sox,DEBIL,4,3,3,1,0,3,0,0,9,0,4,0,0
2024,2024-06-26,746777,False,AWAY,145,Chicago White Sox,DEBIL,4,0,4,0,0,0,0,0,9,1,4,0,0
2024,2024-06-28,745319,False,AWAY,137,San Francisco Giants,MEDIO,3,5,0,2,1,0,3,2,9,0,2,1,0
2024,2024-06-29,745317,False,AWAY,137,San Francisco Giants,MEDIO,14,7,2,4,8,5,1,1,11,2,0,14,0
2024,2024-06-30,745320,False,AWAY,137,San Francisco Giants,MEDIO,4,10,0,1,3,4,5,1,9,0,1,3,0
2024,2024-07-02,746133,True,HOME,109,Arizona Diamondbacks,DEBIL,6,5,2,0,4,0,2,3,9,0,1,5,0
2024,2024-07-03,746128,True,HOME,109,Arizona Diamondbacks,DEBIL,4,12,4,0,0,4,4,4,9,1,4,0,0
2024,2024-07-04,746126,True,HOME,109,Arizona Diamondbacks,DEBIL,3,9,0,3,0,4,1,4,9,1,3,0,0
2024,2024-07-05,746127,True,HOME,158,Milwaukee Brewers,FUERTE,8,5,2,2,4,0,5,0,8,1,4,4,0
2024,2024-07-06,746129,True,HOME,158,Milwaukee Brewers,FUERTE,5,3,3,0,2,1,1,1,8,1,3,2,0
2024,2024-07-07,746122,True,HOME,158,Milwaukee Brewers,FUERTE,2,9,0,2,0,0,4,5,9,0,0,2,0
2024,2024-07-09,745557,False,AWAY,143,Philadelphia Phillies,MEDIO,1,10,0,1,0,3,6,1,9,0,1,0,0
2024,2024-07-10,745556,False,AWAY,143,Philadelphia Phillies,MEDIO,3,4,0,2,1,2,2,0,9,0,2,1,0
2024,2024-07-11,745558,False,AWAY,143,Philadelphia Phillies,MEDIO,1,5,0,1,0,2,2,1,9,0,1,0,0
2024,2024-07-12,746450,False,AWAY,116,Detroit Tigers,FUERTE,4,3,0,2,2,3,0,0,9,0,2,2,0
2024,2024-07-13,746447,False,AWAY,116,Detroit Tigers,FUERTE,9,11,2,4,3,2,2,7,10,1,5,4,0
2024,2024-07-14,746449,False,AWAY,116,Detroit Tigers,FUERTE,3,4,3,0,0,0,2,2,9,1,3,0,0
2024,2024-07-19,746123,True,HOME,111,Boston Red Sox,DEBIL,4,1,0,0,4,0,1,0,8,1,0,4,0
2024,2024-07-20,746121,True,HOME,111,Boston Red Sox,DEBIL,7,6,1,2,4,0,2,4,11,0,3,4,0
2024,2024-07-21,746125,True,HOME,111,Boston Red Sox,DEBIL,9,6,3,3,3,2,1,3,8,1,6,3,0
2024,2024-07-22,746124,True,HOME,137,San Francisco Giants,MEDIO,3,2,0,2,1,0,1,1,8,0,2,1,0
2024,2024-07-23,746118,True,HOME,137,San Francisco Giants,MEDIO,5,2,2,2,1,1,0,1,8,0,4,1,0
2024,2024-07-24,746119,True,HOME,137,San Francisco Giants,MEDIO,3,8,1,0,2,0,2,6,9,0,1,2,0
2024,2024-07-25,746117,True,HOME,137,San Francisco Giants,MEDIO,6,4,1,3,2,2,0,2,8,0,4,2,0
2024,2024-07-26,746361,False,AWAY,117,Houston Astros,FUERTE,0,5,0,0,0,2,2,1,9,0,0,0,0
2024,2024-07-27,746362,False,AWAY,117,Houston Astros,FUERTE,6,7,2,3,1,0,4,3,9,0,4,2,0
2024,2024-07-28,746364,False,AWAY,117,Houston Astros,FUERTE,6,2,0,3,3,0,2,0,9,0,3,3,0
2024,2024-07-30,745389,False,AWAY,135,San Diego Padres,FUERTE,5,6,5,0,0,3,0,3,10,1,5,0,0
2024,2024-07-31,745386,False,AWAY,135,San Diego Padres,FUERTE,1,8,1,0,0,4,3,1,9,0,1,0,0
2024,2024-08-02,745631,False,AWAY,133,Athletics,DEBIL,5,6,2,0,3,0,6,0,9,1,2,3,0
2024,2024-08-03,745636,False,AWAY,133,Athletics,DEBIL,10,0,2,0,8,0,0,0,9,1,2,8,0
2024,2024-08-04,745627,False,AWAY,133,Athletics,DEBIL,3,2,3,0,0,2,0,0,9,0,3,0,0
2024,2024-08-05,746116,True,HOME,143,Philadelphia Phillies,MEDIO,5,3,4,0,1,2,1,0,8,1,4,1,0
2024,2024-08-06,746120,True,HOME,143,Philadelphia Phillies,MEDIO,2,6,0,1,1,0,4,2,9,0,1,1,0
2024,2024-08-07,746115,True,HOME,143,Philadelphia Phillies,MEDIO,4,9,4,0,0,1,7,1,9,0,4,0,0
2024,2024-08-09,746113,True,HOME,134,Pittsburgh Pirates,DEBIL,9,5,6,3,0,0,4,1,8,1,7,2,0
2024,2024-08-10,746112,True,HOME,134,Pittsburgh Pirates,DEBIL,4,1,3,1,0,0,0,1,8,0,4,0,0
2024,2024-08-11,746114,True,HOME,134,Pittsburgh Pirates,DEBIL,6,5,4,0,2,2,0,3,10,0,4,2,0
2024,2024-08-12,745953,False,AWAY,158,Milwaukee Brewers,FUERTE,5,2,2,2,1,0,2,0,9,0,4,1,0
2024,2024-08-13,745954,False,AWAY,158,Milwaukee Brewers,FUERTE,7,2,2,5,0,1,0,1,9,1,7,0,0
2024,2024-08-14,745951,False,AWAY,158,Milwaukee Brewers,FUERTE,4,5,3,0,1,3,1,1,9,1,3,1,0
2024,2024-08-15,745950,False,AWAY,158,Milwaukee Brewers,FUERTE,4,6,3,1,0,3,0,3,9,0,4,0,0
2024,2024-08-16,745144,False,AWAY,138,St. Louis Cardinals,MEDIO,7,6,2,5,0,3,3,0,9,1,5,2,0
2024,2024-08-17,745140,False,AWAY,138,St. Louis Cardinals,MEDIO,2,5,1,1,0,3,1,1,9,0,2,0,0
2024,2024-08-18,745139,False,AWAY,138,St. Louis Cardinals,MEDIO,2,1,0,2,0,0,0,1,9,0,2,0,0
2024,2024-08-19,746109,True,HOME,136,Seattle Mariners,FUERTE,3,0,0,0,3,0,0,0,8,1,2,1,0
2024,2024-08-20,746107,True,HOME,136,Seattle Mariners,FUERTE,6,3,0,2,4,3,0,0,8,1,2,4,0
2024,2024-08-21,746110,True,HOME,136,Seattle Mariners,FUERTE,8,4,2,6,0,1,1,2,8,1,8,0,0
2024,2024-08-23,746111,True,HOME,139,Tampa Bay Rays,FUERTE,7,3,0,3,4,3,0,0,9,2,3,4,0
2024,2024-08-24,746108,True,HOME,139,Tampa Bay Rays,FUERTE,8,9,0,6,2,4,1,4,10,2,6,2,0
2024,2024-08-25,746106,True,HOME,139,Tampa Bay Rays,FUERTE,3,1,0,1,2,0,0,1,8,0,1,2,0
2024,2024-08-27,746105,True,HOME,110,Baltimore Orioles,MEDIO,2,3,2,0,0,1,2,0,9,0,2,0,0
2024,2024-08-28,746103,True,HOME,110,Baltimore Orioles,MEDIO,6,4,5,1,0,3,1,0,8,1,6,0,0
2024,2024-08-29,746102,True,HOME,110,Baltimore Orioles,MEDIO,6,3,1,4,1,0,3,0,8,1,5,1,0
2024,2024-08-30,747156,False,AWAY,109,Arizona Diamondbacks,DEBIL,10,9,5,1,4,5,0,4,9,2,5,5,0
2024,2024-08-31,747158,False,AWAY,109,Arizona Diamondbacks,DEBIL,8,6,5,1,2,5,0,1,9,1,6,2,0
2024,2024-09-01,747157,False,AWAY,109,Arizona Diamondbacks,DEBIL,3,14,0,3,0,9,1,4,9,0,3,0,0
2024,2024-09-02,747155,False,AWAY,109,Arizona Diamondbacks,DEBIL,11,6,3,0,8,1,0,5,9,3,3,8,0
2024,2024-09-03,746185,False,AWAY,108,Los Angeles Angels,DEBIL,6,2,2,0,4,1,1,0,10,1,2,4,0
2024,2024-09-04,746178,False,AWAY,108,Los Angeles Angels,DEBIL,1,10,0,0,1,6,1,3,9,0,1,0,0
2024,2024-09-06,746104,True,HOME,114,Cleveland Guardians,FUERTE,1,3,0,1,0,0,2,1,9,0,1,0,0
2024,2024-09-07,746099,True,HOME,114,Cleveland Guardians,FUERTE,7,2,6,1,0,2,0,0,8,1,5,2,0
2024,2024-09-08,746098,True,HOME,114,Cleveland Guardians,FUERTE,4,0,0,2,2,0,0,0,8,0,2,2,0
2024,2024-09-09,746101,True,HOME,112,Chicago Cubs,MEDIO,4,10,0,2,2,3,4,3,9,0,2,2,0
2024,2024-09-10,746097,True,HOME,112,Chicago Cubs,MEDIO,3,6,1,2,0,1,0,5,9,0,3,0,0
2024,2024-09-11,746100,True,HOME,112,Chicago Cubs,MEDIO,10,8,7,0,3,3,4,1,8,1,7,3,0
2024,2024-09-13,747069,False,AWAY,144,Atlanta Braves,FUERTE,2,6,1,1,0,5,0,1,9,0,2,0,0
2024,2024-09-14,747070,False,AWAY,144,Atlanta Braves,FUERTE,1,10,1,0,0,4,6,0,9,0,1,0,0
2024,2024-09-15,747071,False,AWAY,144,Atlanta Braves,FUERTE,9,2,0,1,8,2,0,0,9,1,1,8,0
2024,2024-09-16,747067,False,AWAY,144,Atlanta Braves,FUERTE,9,0,1,2,6,0,0,0,9,1,3,6,0
2024,2024-09-17,746015,False,AWAY,146,Miami Marlins,DEBIL,9,11,4,2,3,5,4,2,9,1,5,4,0
2024,2024-09-18,746014,False,AWAY,146,Miami Marlins,DEBIL,8,4,1,5,2,0,0,4,9,1,6,2,0
2024,2024-09-19,746011,False,AWAY,146,Miami Marlins,DEBIL,20,4,7,2,11,1,2,1,9,3,7,13,0
2024,2024-09-20,746094,True,HOME,115,Colorado Rockies,DEBIL,6,4,0,4,2,1,2,1,8,1,4,2,0
2024,2024-09-21,746096,True,HOME,115,Colorado Rockies,DEBIL,3,6,2,1,0,3,1,2,9,0,3,0,0
2024,2024-09-22,746092,True,HOME,115,Colorado Rockies,DEBIL,6,5,0,1,5,4,1,0,9,1,1,5,0
2024,2024-09-24,746093,True,HOME,135,San Diego Padres,FUERTE,2,4,1,0,1,2,2,0,9,0,1,1,0
2024,2024-09-25,746095,True,HOME,135,San Diego Padres,FUERTE,4,3,1,3,0,2,1,0,8,0,3,1,0
2024,2024-09-26,746088,True,HOME,135,San Diego Padres,FUERTE,7,2,0,0,7,0,2,0,8,1,2,5,0
2024,2024-09-27,746494,False,AWAY,115,Colorado Rockies,DEBIL,11,4,5,5,1,1,2,1,9,2,6,5,0
2024,2024-09-28,746499,False,AWAY,115,Colorado Rockies,DEBIL,13,2,4,4,5,2,0,0,9,3,7,6,0
2024,2024-09-29,746496,False,AWAY,115,Colorado Rockies,DEBIL,2,1,0,0,2,1,0,0,9,0,0,2,0
2025,2025-03-18,778563,False,AWAY,112,Chicago Cubs,FUERTE,4,1,0,3,1,1,0,0,9,1,0,4,0
2025,2025-03-19,778564,False,AWAY,112,Chicago Cubs,FUERTE,6,3,3,3,0,1,2,0,9,0,5,1,0
2025,2025-03-27,778546,True,HOME,116,Detroit Tigers,MEDIO,5,4,1,3,1,0,2,2,8,1,4,1,0
2025,2025-03-28,778544,True,HOME,116,Detroit Tigers,MEDIO,8,5,0,2,6,2,0,3,10,1,2,6,0
2025,2025-03-29,778533,True,HOME,116,Detroit Tigers,MEDIO,7,3,2,3,2,2,0,1,8,0,4,3,0
2025,2025-03-31,778500,True,HOME,144,Atlanta Braves,MEDIO,6,1,4,2,0,0,0,1,8,0,4,2,0
2025,2025-04-01,778487,True,HOME,144,Atlanta Braves,MEDIO,3,1,0,3,0,1,0,0,8,1,3,0,0
2025,2025-04-02,778472,True,HOME,144,Atlanta Braves,MEDIO,6,5,2,1,3,5,0,0,9,0,3,3,0
2025,2025-04-04,778459,False,AWAY,143,Philadelphia Phillies,FUERTE,2,3,0,0,2,1,0,2,9,0,0,2,0
2025,2025-04-05,778448,False,AWAY,143,Philadelphia Phillies,FUERTE,3,1,2,1,0,1,0,0,9,0,3,0,0
2025,2025-04-06,778434,False,AWAY,143,Philadelphia Phillies,FUERTE,7,8,2,2,3,6,0,2,9,1,4,3,0
2025,2025-04-07,778418,False,AWAY,120,Washington Nationals,DEBIL,4,6,2,0,2,3,0,3,9,0,2,2,0
2025,2025-04-08,778409,False,AWAY,120,Washington Nationals,DEBIL,2,8,0,1,1,5,3,0,9,0,0,2,0
2025,2025-04-09,778392,False,AWAY,120,Washington Nationals,DEBIL,6,5,4,0,2,5,0,0,9,1,4,2,0
2025,2025-04-11,778356,True,HOME,112,Chicago Cubs,FUERTE,3,0,0,3,0,0,0,0,8,1,3,0,0
2025,2025-04-12,778345,True,HOME,112,Chicago Cubs,FUERTE,0,16,0,0,0,1,1,14,9,0,0,0,0
2025,2025-04-13,778331,True,HOME,112,Chicago Cubs,FUERTE,2,4,1,1,0,1,1,2,9,0,1,1,0
2025,2025-04-14,778326,True,HOME,115,Colorado Rockies,DEBIL,5,3,3,2,0,0,1,2,8,0,4,1,0
2025,2025-04-15,778302,True,HOME,115,Colorado Rockies,DEBIL,6,2,5,0,1,0,2,0,8,1,5,1,0
2025,2025-04-16,778287,True,HOME,115,Colorado Rockies,DEBIL,8,7,7,1,0,6,0,1,8,1,7,1,0
2025,2025-04-18,778263,False,AWAY,140,Texas Rangers,FUERTE,3,0,1,0,2,0,0,0,9,0,1,2,0
2025,2025-04-19,778251,False,AWAY,140,Texas Rangers,FUERTE,3,4,0,3,0,2,0,2,9,1,3,0,0
2025,2025-04-20,778234,False,AWAY,140,Texas Rangers,FUERTE,1,0,0,0,1,0,0,0,9,0,0,1,0
2025,2025-04-22,778220,False,AWAY,112,Chicago Cubs,FUERTE,10,11,4,1,5,5,2,4,10,2,5,5,0
2025,2025-04-23,778205,False,AWAY,112,Chicago Cubs,FUERTE,6,7,2,4,0,0,7,0,9,1,6,0,0
2025,2025-04-25,778176,True,HOME,134,Pittsburgh Pirates,FUERTE,0,3,0,0,0,1,2,0,9,0,0,0,0
2025,2025-04-26,778163,True,HOME,134,Pittsburgh Pirates,FUERTE,8,4,2,1,5,1,2,1,8,1,3,5,0
2025,2025-04-27,778145,True,HOME,134,Pittsburgh Pirates,FUERTE,9,2,5,4,0,2,0,0,8,2,7,2,0
2025,2025-04-28,778132,True,HOME,146,Miami Marlins,DEBIL,7,6,2,3,2,0,5,1,10,0,5,2,0
2025,2025-04-29,778123,True,HOME,146,Miami Marlins,DEBIL,15,2,7,4,4,1,0,1,8,4,7,8,0
2025,2025-04-30,778109,True,HOME,146,Miami Marlins,DEBIL,12,7,4,4,4,0,3,4,8,3,4,8,0
2025,2025-05-02,778092,False,AWAY,144,Atlanta Braves,MEDIO,2,1,0,2,0,0,0,1,9,0,2,0,0
2025,2025-05-03,778076,False,AWAY,144,Atlanta Braves,MEDIO,10,3,3,4,3,1,2,0,9,2,6,4,0
2025,2025-05-04,778060,False,AWAY,144,Atlanta Braves,MEDIO,3,4,0,2,1,4,0,0,9,0,2,1,0
2025,2025-05-05,778047,False,AWAY,146,Miami Marlins,DEBIL,7,4,3,3,1,0,1,3,9,0,5,2,0
2025,2025-05-06,778035,False,AWAY,146,Miami Marlins,DEBIL,4,5,1,2,1,0,4,1,10,0,1,3,0
2025,2025-05-07,778017,False,AWAY,146,Miami Marlins,DEBIL,10,1,0,1,9,0,0,1,9,2,0,10,0
2025,2025-05-08,777999,False,AWAY,109,Arizona Diamondbacks,DEBIL,3,5,0,0,3,0,5,0,9,0,0,3,0
2025,2025-05-09,777988,False,AWAY,109,Arizona Diamondbacks,DEBIL,14,11,8,0,6,3,6,2,9,2,8,6,0
2025,2025-05-10,777975,False,AWAY,109,Arizona Diamondbacks,DEBIL,0,3,0,0,0,1,1,1,9,0,0,0,0
2025,2025-05-11,777954,False,AWAY,109,Arizona Diamondbacks,DEBIL,8,1,1,3,4,0,0,1,9,1,4,4,0
2025,2025-05-13,777937,True,HOME,133,Athletics,DEBIL,1,11,1,0,0,2,4,5,9,0,1,0,0
2025,2025-05-14,777917,True,HOME,133,Athletics,DEBIL,9,3,2,2,5,2,1,0,8,1,4,5,0
2025,2025-05-15,777946,True,HOME,133,Athletics,DEBIL,19,2,13,3,3,2,0,0,8,4,6,13,0
2025,2025-05-16,777899,True,HOME,108,Los Angeles Angels,DEBIL,2,6,0,1,1,2,2,2,9,0,1,1,0
2025,2025-05-17,777884,True,HOME,108,Los Angeles Angels,DEBIL,9,11,3,4,2,4,1,6,9,2,4,5,0
2025,2025-05-18,777866,True,HOME,108,Los Angeles Angels,DEBIL,4,6,0,1,3,4,0,2,9,1,1,3,0
2025,2025-05-19,777854,True,HOME,109,Arizona Diamondbacks,DEBIL,5,9,0,3,2,7,0,2,9,0,3,2,0
2025,2025-05-20,777838,True,HOME,109,Arizona Diamondbacks,DEBIL,4,3,0,1,3,0,0,3,10,1,1,3,0
2025,2025-05-21,777824,True,HOME,109,Arizona Diamondbacks,DEBIL,3,1,0,3,0,0,1,0,8,1,3,0,0
2025,2025-05-23,777808,False,AWAY,121,New York Mets,MEDIO,7,5,3,2,2,1,1,3,13,1,3,4,0
2025,2025-05-24,777789,False,AWAY,121,New York Mets,MEDIO,2,5,2,0,0,1,3,1,9,0,2,0,0
2025,2025-05-25,777773,False,AWAY,121,New York Mets,MEDIO,1,3,1,0,0,3,0,0,9,0,1,0,0
2025,2025-05-26,777769,False,AWAY,114,Cleveland Guardians,FUERTE,7,2,2,4,1,1,1,0,9,0,4,3,0
2025,2025-05-27,777753,False,AWAY,114,Cleveland Guardians,FUERTE,9,5,2,3,4,0,3,2,9,1,4,5,0
2025,2025-05-28,777739,False,AWAY,114,Cleveland Guardians,FUERTE,4,7,0,3,1,1,0,6,9,0,2,2,0
2025,2025-05-30,777708,True,HOME,147,New York Yankees,MEDIO,8,5,2,4,2,5,0,0,8,1,6,2,0
2025,2025-05-31,777698,True,HOME,147,New York Yankees,MEDIO,18,2,10,4,4,0,1,1,8,4,7,11,0
2025,2025-06-01,777682,True,HOME,147,New York Yankees,MEDIO,3,7,1,0,2,4,2,1,9,0,1,2,0
2025,2025-06-02,777675,True,HOME,121,New York Mets,MEDIO,3,4,0,0,3,1,1,2,10,0,0,3,0
2025,2025-06-03,777657,True,HOME,121,New York Mets,MEDIO,6,5,4,0,2,3,2,0,10,1,4,2,0
2025,2025-06-04,777638,True,HOME,121,New York Mets,MEDIO,1,6,0,0,1,3,0,3,9,0,0,1,0
2025,2025-06-05,777631,True,HOME,121,New York Mets,MEDIO,6,5,3,0,3,4,0,1,8,2,3,3,0
2025,2025-06-06,777620,False,AWAY,138,St. Louis Cardinals,DEBIL,0,5,0,0,0,2,2,1,9,0,0,0,0
2025,2025-06-07,777601,False,AWAY,138,St. Louis Cardinals,DEBIL,1,2,0,0,1,0,0,2,9,0,0,1,0
2025,2025-06-08,777582,False,AWAY,138,St. Louis Cardinals,DEBIL,7,3,3,1,3,0,2,1,9,1,4,3,0
2025,2025-06-09,777579,False,AWAY,135,San Diego Padres,FUERTE,8,7,5,1,2,6,0,1,10,1,5,3,0
2025,2025-06-10,777560,False,AWAY,135,San Diego Padres,FUERTE,1,11,0,0,1,3,6,2,9,0,0,1,0
2025,2025-06-11,777543,False,AWAY,135,San Diego Padres,FUERTE,5,2,0,4,1,1,1,0,9,1,1,4,0
2025,2025-06-13,777522,True,HOME,137,San Francisco Giants,MEDIO,2,6,1,0,1,5,0,1,9,0,2,0,0
2025,2025-06-14,777506,True,HOME,137,San Francisco Giants,MEDIO,11,5,7,3,1,0,0,5,8,2,6,5,0
2025,2025-06-15,777498,True,HOME,137,San Francisco Giants,MEDIO,5,4,2,3,0,0,3,1,8,1,2,3,0
2025,2025-06-16,777490,True,HOME,135,San Diego Padres,FUERTE,6,3,1,5,0,1,2,0,8,1,6,0,0
2025,2025-06-17,777471,True,HOME,135,San Diego Padres,FUERTE,8,6,2,6,0,3,0,3,8,1,3,5,0
2025,2025-06-18,777457,True,HOME,135,San Diego Padres,FUERTE,4,3,0,3,1,1,0,2,9,1,3,1,0
2025,2025-06-19,777442,True,HOME,135,San Diego Padres,FUERTE,3,5,0,0,3,1,1,3,9,1,0,3,0
2025,2025-06-20,777427,True,HOME,120,Washington Nationals,DEBIL,6,5,3,3,0,1,1,3,8,1,6,0,0
2025,2025-06-21,777416,True,HOME,120,Washington Nationals,DEBIL,3,7,0,2,1,0,3,4,9,0,2,1,0
2025,2025-06-22,777398,True,HOME,120,Washington Nationals,DEBIL,13,7,0,4,9,3,0,4,8,2,3,10,0
2025,2025-06-24,777379,False,AWAY,115,Colorado Rockies,DEBIL,9,7,0,8,1,2,1,4,9,1,6,3,0
2025,2025-06-25,777358,False,AWAY,115,Colorado Rockies,DEBIL,8,1,0,3,5,0,1,0,9,2,3,5,0
2025,2025-06-26,777344,False,AWAY,115,Colorado Rockies,DEBIL,3,1,1,1,1,1,0,0,9,0,1,2,0
2025,2025-06-27,777335,False,AWAY,118,Kansas City Royals,FUERTE,5,4,3,2,0,4,0,0,9,0,5,0,0
2025,2025-06-28,777319,False,AWAY,118,Kansas City Royals,FUERTE,5,9,0,0,5,2,4,3,9,1,0,5,0
2025,2025-06-29,777304,False,AWAY,118,Kansas City Royals,FUERTE,5,1,2,1,2,1,0,0,9,0,2,3,0
2025,2025-07-01,777280,True,HOME,145,Chicago White Sox,DEBIL,6,1,5,1,0,0,1,0,8,1,6,0,0
2025,2025-07-02,777267,True,HOME,145,Chicago White Sox,DEBIL,5,4,2,0,3,4,0,0,9,1,1,4,0
2025,2025-07-03,777253,True,HOME,145,Chicago White Sox,DEBIL,6,2,5,0,1,0,0,2,8,1,5,1,0
2025,2025-07-04,777235,True,HOME,117,Houston Astros,FUERTE,1,18,1,0,0,6,11,1,9,0,1,0,0
2025,2025-07-05,777221,True,HOME,117,Houston Astros,FUERTE,4,6,2,2,0,4,1,1,9,0,4,0,0
2025,2025-07-06,777206,True,HOME,117,Houston Astros,FUERTE,1,5,1,0,0,1,1,3,9,0,1,0,0
2025,2025-07-07,777201,False,AWAY,158,Milwaukee Brewers,FUERTE,1,9,0,0,1,5,2,2,9,0,0,1,0
2025,2025-07-08,777193,False,AWAY,158,Milwaukee Brewers,FUERTE,1,3,1,0,0,0,2,1,9,0,1,0,0
2025,2025-07-09,777175,False,AWAY,158,Milwaukee Brewers,FUERTE,2,3,0,1,1,0,1,2,10,0,1,1,0
2025,2025-07-11,777143,False,AWAY,137,San Francisco Giants,MEDIO,7,8,2,4,1,1,7,0,9,1,6,1,0
2025,2025-07-12,777127,False,AWAY,137,San Francisco Giants,MEDIO,2,1,1,1,0,0,0,1,9,0,2,0,0
2025,2025-07-13,777119,False,AWAY,137,San Francisco Giants,MEDIO,5,2,0,2,3,0,0,2,11,1,2,3,0
2025,2025-07-18,777103,True,HOME,158,Milwaukee Brewers,FUERTE,0,2,0,0,0,0,1,1,9,0,0,0,0
2025,2025-07-19,777085,True,HOME,158,Milwaukee Brewers,FUERTE,7,8,4,1,2,4,2,2,9,1,4,3,0
2025,2025-07-20,777070,True,HOME,158,Milwaukee Brewers,FUERTE,5,6,3,1,1,0,6,0,9,1,4,1,0
2025,2025-07-21,777051,True,HOME,142,Minnesota Twins,DEBIL,5,2,2,2,1,1,0,1,8,0,4,1,0
2025,2025-07-22,777039,True,HOME,142,Minnesota Twins,DEBIL,7,10,0,5,2,3,3,4,9,1,3,4,0
2025,2025-07-23,777022,True,HOME,142,Minnesota Twins,DEBIL,4,3,1,0,3,1,0,2,9,0,1,3,0
2025,2025-07-25,777012,False,AWAY,111,Boston Red Sox,FUERTE,5,2,3,0,2,2,0,0,9,0,3,2,0
2025,2025-07-26,776998,False,AWAY,111,Boston Red Sox,FUERTE,2,4,2,0,0,3,1,0,9,0,2,0,0
2025,2025-07-27,776983,False,AWAY,111,Boston Red Sox,FUERTE,3,4,1,2,0,1,3,0,9,0,3,0,0
2025,2025-07-28,776967,False,AWAY,113,Cincinnati Reds,MEDIO,5,2,1,2,2,1,0,1,9,0,3,2,0
2025,2025-07-29,776963,False,AWAY,113,Cincinnati Reds,MEDIO,5,4,2,0,3,0,4,0,9,0,2,3,0
2025,2025-07-30,776941,False,AWAY,113,Cincinnati Reds,MEDIO,2,5,0,2,0,1,1,3,9,0,2,0,0
2025,2025-08-01,776918,False,AWAY,139,Tampa Bay Rays,MEDIO,5,0,2,3,0,0,0,0,9,0,5,0,0
2025,2025-08-02,776901,False,AWAY,139,Tampa Bay Rays,MEDIO,0,4,0,0,0,3,1,0,9,0,0,0,0
2025,2025-08-03,776889,False,AWAY,139,Tampa Bay Rays,MEDIO,3,0,0,1,2,0,0,0,9,0,0,3,0
2025,2025-08-04,776870,True,HOME,138,St. Louis Cardinals,DEBIL,2,3,0,1,1,1,0,2,9,0,1,1,0
2025,2025-08-05,776858,True,HOME,138,St. Louis Cardinals,DEBIL,12,6,5,0,7,2,0,4,8,2,5,7,0
2025,2025-08-06,776839,True,HOME,138,St. Louis Cardinals,DEBIL,3,5,2,1,0,1,1,3,9,0,3,0,0
2025,2025-08-08,776823,True,HOME,141,Toronto Blue Jays,MEDIO,5,1,0,2,3,1,0,0,8,1,2,3,0
2025,2025-08-09,776808,True,HOME,141,Toronto Blue Jays,MEDIO,9,1,0,9,0,0,0,1,8,1,3,6,0
2025,2025-08-10,776788,True,HOME,141,Toronto Blue Jays,MEDIO,4,5,3,0,1,1,1,3,9,0,3,1,0
2025,2025-08-11,776779,False,AWAY,108,Los Angeles Angels,DEBIL,4,7,0,0,4,2,5,0,9,1,0,4,0
2025,2025-08-12,776763,False,AWAY,108,Los Angeles Angels,DEBIL,6,7,3,2,1,4,1,2,10,0,3,3,0
2025,2025-08-13,776752,False,AWAY,108,Los Angeles Angels,DEBIL,5,6,3,2,0,2,2,2,9,1,5,0,0
2025,2025-08-15,776727,True,HOME,135,San Diego Padres,FUERTE,3,2,2,0,1,1,0,1,8,0,0,3,0
2025,2025-08-16,776717,True,HOME,135,San Diego Padres,FUERTE,6,0,5,1,0,0,0,0,8,1,5,1,0
2025,2025-08-17,776697,True,HOME,135,San Diego Padres,FUERTE,5,4,4,0,1,1,2,1,8,1,4,1,0
2025,2025-08-18,776693,False,AWAY,115,Colorado Rockies,DEBIL,3,4,2,1,0,2,0,2,9,0,2,1,0
2025,2025-08-19,776671,False,AWAY,115,Colorado Rockies,DEBIL,11,4,7,0,4,0,4,0,9,2,7,4,0
2025,2025-08-20,776660,False,AWAY,115,Colorado Rockies,DEBIL,3,8,0,1,2,2,4,2,9,0,1,2,0
2025,2025-08-21,776644,False,AWAY,115,Colorado Rockies,DEBIL,9,5,5,3,1,1,2,2,9,0,7,2,0
2025,2025-08-22,776636,False,AWAY,135,San Diego Padres,FUERTE,1,2,1,0,0,0,2,0,9,0,1,0,0
2025,2025-08-23,776617,False,AWAY,135,San Diego Padres,FUERTE,1,5,0,0,1,0,3,2,9,0,0,1,0
2025,2025-08-24,776603,False,AWAY,135,San Diego Padres,FUERTE,8,2,1,1,6,2,0,0,9,1,2,6,0
2025,2025-08-25,776594,True,HOME,113,Cincinnati Reds,MEDIO,7,0,1,4,2,0,0,0,8,0,5,2,0
2025,2025-08-26,776574,True,HOME,113,Cincinnati Reds,MEDIO,6,3,1,5,0,1,0,2,8,1,4,2,0
2025,2025-08-27,776562,True,HOME,113,Cincinnati Reds,MEDIO,5,1,0,4,1,1,0,0,8,1,4,1,0
2025,2025-08-29,776534,True,HOME,109,Arizona Diamondbacks,DEBIL,0,3,0,0,0,0,3,0,9,0,0,0,0
2025,2025-08-30,776523,True,HOME,109,Arizona Diamondbacks,DEBIL,1,6,0,0,1,0,0,6,9,0,0,1,0
2025,2025-08-31,776509,True,HOME,109,Arizona Diamondbacks,DEBIL,5,4,2,2,1,0,1,3,9,0,4,1,0
2025,2025-09-02,776496,False,AWAY,134,Pittsburgh Pirates,FUERTE,7,9,3,1,3,4,3,2,9,0,1,6,0
2025,2025-09-03,776479,False,AWAY,134,Pittsburgh Pirates,FUERTE,0,3,0,0,0,2,1,0,9,0,0,0,0
2025,2025-09-04,776461,False,AWAY,134,Pittsburgh Pirates,FUERTE,3,5,0,0,3,1,4,0,9,1,0,3,0
2025,2025-09-05,776454,False,AWAY,110,Baltimore Orioles,DEBIL,1,2,0,1,0,0,1,1,9,0,0,1,0
2025,2025-09-06,776443,False,AWAY,110,Baltimore Orioles,DEBIL,3,4,1,1,1,0,0,4,9,0,2,1,0
2025,2025-09-07,776427,False,AWAY,110,Baltimore Orioles,DEBIL,5,2,3,1,1,0,2,0,9,0,4,1,0
2025,2025-09-08,776408,True,HOME,115,Colorado Rockies,DEBIL,3,1,0,1,2,1,0,0,8,0,1,2,0
2025,2025-09-09,776389,True,HOME,115,Colorado Rockies,DEBIL,7,2,3,2,2,0,1,1,8,0,5,2,0
2025,2025-09-10,776380,True,HOME,115,Colorado Rockies,DEBIL,9,0,4,0,5,0,0,0,8,2,4,5,0
2025,2025-09-12,776350,False,AWAY,137,San Francisco Giants,MEDIO,1,5,0,0,1,1,0,4,10,0,1,0,0
2025,2025-09-13,776328,False,AWAY,137,San Francisco Giants,MEDIO,13,7,3,9,1,4,3,0,9,2,6,7,0
2025,2025-09-14,776325,False,AWAY,137,San Francisco Giants,MEDIO,10,2,2,6,2,1,0,1,9,1,5,5,0
2025,2025-09-15,776311,True,HOME,143,Philadelphia Phillies,FUERTE,5,6,1,2,2,1,0,5,10,0,3,2,0
2025,2025-09-16,776297,True,HOME,143,Philadelphia Phillies,FUERTE,6,9,3,1,2,0,6,3,9,1,4,2,0
2025,2025-09-17,776280,True,HOME,143,Philadelphia Phillies,FUERTE,5,0,2,1,2,0,0,0,8,0,4,1,0
2025,2025-09-18,776271,True,HOME,137,San Francisco Giants,MEDIO,2,1,0,2,0,0,0,1,8,0,2,0,0
2025,2025-09-19,776256,True,HOME,137,San Francisco Giants,MEDIO,6,3,1,5,0,2,0,1,8,1,5,1,0
2025,2025-09-20,776233,True,HOME,137,San Francisco Giants,MEDIO,7,5,2,5,0,4,0,1,8,0,2,5,0
2025,2025-09-21,776227,True,HOME,137,San Francisco Giants,MEDIO,1,3,0,0,1,0,0,3,9,0,1,0,0
2025,2025-09-23,776213,False,AWAY,109,Arizona Diamondbacks,DEBIL,4,5,1,2,1,0,0,5,9,0,3,1,0
2025,2025-09-24,776193,False,AWAY,109,Arizona Diamondbacks,DEBIL,5,4,1,2,2,1,0,3,11,0,3,2,0
2025,2025-09-25,776185,False,AWAY,109,Arizona Diamondbacks,DEBIL,8,0,4,4,0,0,0,0,9,2,1,7,0
2025,2025-09-26,776168,False,AWAY,136,Seattle Mariners,MEDIO,3,2,2,1,0,1,0,1,9,0,2,1,0
2025,2025-09-27,776150,False,AWAY,136,Seattle Mariners,MEDIO,5,3,0,2,3,0,3,0,9,0,2,3,0
2025,2025-09-28,776139,False,AWAY,136,Seattle Mariners,MEDIO,6,1,4,0,2,0,0,1,9,0,4,2,0
2026_CUTOFF,2026-03-26,823974,True,HOME,109,Arizona Diamondbacks,MEDIO,8,2,0,4,4,0,2,0,8,2,4,4,0
2026_CUTOFF,2026-03-27,823971,True,HOME,109,Arizona Diamondbacks,MEDIO,5,4,4,0,1,2,2,0,8,1,4,1,0
2026_CUTOFF,2026-03-28,823973,True,HOME,109,Arizona Diamondbacks,MEDIO,3,2,0,1,2,2,0,0,8,0,1,2,0
2026_CUTOFF,2026-03-30,823972,True,HOME,114,Cleveland Guardians,FUERTE,2,4,0,0,2,1,0,3,9,0,0,2,0
2026_CUTOFF,2026-03-31,823969,True,HOME,114,Cleveland Guardians,FUERTE,4,1,0,2,2,0,0,1,8,0,1,3,0
2026_CUTOFF,2026-04-01,823970,True,HOME,114,Cleveland Guardians,FUERTE,1,4,0,0,1,2,0,2,9,0,0,1,0
2026_CUTOFF,2026-04-03,822758,False,AWAY,120,Washington Nationals,DEBIL,13,6,5,6,2,4,0,2,9,2,11,2,0
2026_CUTOFF,2026-04-04,822757,False,AWAY,120,Washington Nationals,DEBIL,10,5,6,3,1,1,1,3,9,2,6,4,0
2026_CUTOFF,2026-04-05,822756,False,AWAY,120,Washington Nationals,DEBIL,8,6,1,2,5,2,4,0,9,1,1,7,0
2026_CUTOFF,2026-04-06,822832,False,AWAY,141,Toronto Blue Jays,MEDIO,14,2,4,5,5,1,0,1,9,2,2,12,0
2026_CUTOFF,2026-04-07,822831,False,AWAY,141,Toronto Blue Jays,MEDIO,4,1,2,1,1,0,1,0,9,0,3,1,0
2026_CUTOFF,2026-04-08,822833,False,AWAY,141,Toronto Blue Jays,MEDIO,3,4,0,2,1,1,0,3,9,0,2,1,0
2026_CUTOFF,2026-04-10,823968,True,HOME,140,Texas Rangers,MEDIO,8,7,1,4,3,3,1,3,9,0,3,5,0
2026_CUTOFF,2026-04-11,823967,True,HOME,140,Texas Rangers,MEDIO,6,3,5,0,1,1,2,0,8,1,5,1,0
2026_CUTOFF,2026-04-12,823966,True,HOME,140,Texas Rangers,MEDIO,2,5,1,0,1,2,1,2,9,0,1,1,0
2026_CUTOFF,2026-04-13,823964,True,HOME,121,New York Mets,MEDIO,4,0,4,0,0,0,0,0,8,1,4,0,0
2026_CUTOFF,2026-04-14,823965,True,HOME,121,New York Mets,MEDIO,2,1,1,0,1,1,0,0,8,0,1,1,0
2026_CUTOFF,2026-04-15,823963,True,HOME,121,New York Mets,MEDIO,8,2,2,1,5,0,1,1,8,1,2,6,0
2026_CUTOFF,2026-04-17,824373,False,AWAY,115,Colorado Rockies,DEBIL,7,1,4,3,0,0,1,0,9,0,5,2,0
2026_CUTOFF,2026-04-18,824372,False,AWAY,115,Colorado Rockies,DEBIL,3,4,3,0,0,2,2,0,9,0,3,0,0
2026_CUTOFF,2026-04-19,824371,False,AWAY,115,Colorado Rockies,DEBIL,6,9,2,2,2,0,3,6,9,0,3,3,0
2026_CUTOFF,2026-04-20,824370,False,AWAY,115,Colorado Rockies,DEBIL,12,3,4,2,6,1,0,2,9,1,6,6,0
2026_CUTOFF,2026-04-21,823236,False,AWAY,137,San Francisco Giants,DEBIL,1,3,0,1,0,3,0,0,9,0,1,0,0
2026_CUTOFF,2026-04-22,823231,False,AWAY,137,San Francisco Giants,DEBIL,0,3,0,0,0,0,0,3,9,0,0,0,0
2026_CUTOFF,2026-04-23,823233,False,AWAY,137,San Francisco Giants,DEBIL,3,0,1,2,0,0,0,0,9,0,3,0,0
2026_CUTOFF,2026-04-24,823962,True,HOME,112,Chicago Cubs,MEDIO,4,6,3,1,0,0,0,6,9,1,4,0,0
2026_CUTOFF,2026-04-25,823960,True,HOME,112,Chicago Cubs,MEDIO,12,4,2,10,0,2,2,0,8,2,6,6,0
2026_CUTOFF,2026-04-26,823959,True,HOME,112,Chicago Cubs,MEDIO,6,0,3,2,1,0,0,0,8,1,5,1,0
2026_CUTOFF,2026-04-27,823961,True,HOME,146,Miami Marlins,FUERTE,5,4,2,0,3,0,4,0,9,1,2,3,0
2026_CUTOFF,2026-04-28,823956,True,HOME,146,Miami Marlins,FUERTE,1,2,0,0,1,1,1,0,9,0,0,1,0
2026_CUTOFF,2026-04-29,823958,True,HOME,146,Miami Marlins,FUERTE,2,3,1,1,0,1,1,1,9,0,2,0,0
2026_CUTOFF,2026-05-01,823066,False,AWAY,138,St. Louis Cardinals,MEDIO,2,7,1,1,0,4,0,3,9,0,2,0,0
2026_CUTOFF,2026-05-02,823067,False,AWAY,138,St. Louis Cardinals,MEDIO,2,3,0,0,2,3,0,0,9,0,0,2,0
2026_CUTOFF,2026-05-03,823065,False,AWAY,138,St. Louis Cardinals,MEDIO,4,1,2,1,1,0,0,1,9,0,3,1,0
2026_CUTOFF,2026-05-04,824201,False,AWAY,117,Houston Astros,DEBIL,8,3,7,1,0,2,1,0,9,1,1,7,0
2026_CUTOFF,2026-05-05,824200,False,AWAY,117,Houston Astros,DEBIL,1,2,0,0,1,2,0,0,9,0,0,1,0
2026_CUTOFF,2026-05-06,824198,False,AWAY,117,Houston Astros,DEBIL,12,2,6,4,2,1,0,1,9,2,6,6,0
2026_CUTOFF,2026-05-08,823957,True,HOME,144,Atlanta Braves,FUERTE,3,1,1,2,0,1,0,0,8,0,3,0,0
2026_CUTOFF,2026-05-09,823955,True,HOME,144,Atlanta Braves,FUERTE,2,7,0,0,2,5,1,1,9,0,0,2,0
2026_CUTOFF,2026-05-10,823954,True,HOME,144,Atlanta Braves,FUERTE,2,7,0,0,2,4,0,3,9,0,0,2,0
2026_CUTOFF,2026-05-11,823953,True,HOME,137,San Francisco Giants,DEBIL,3,9,0,3,0,1,2,6,9,0,3,0,0
2026_CUTOFF,2026-05-12,823951,True,HOME,137,San Francisco Giants,DEBIL,2,6,2,0,0,1,2,3,9,0,2,0,0
2026_CUTOFF,2026-05-13,823952,True,HOME,137,San Francisco Giants,DEBIL,4,0,2,2,0,0,0,0,8,0,4,0,0
2026_CUTOFF,2026-05-14,823950,True,HOME,137,San Francisco Giants,DEBIL,5,2,2,3,0,0,2,0,8,1,4,1,0
2026_CUTOFF,2026-05-15,824037,False,AWAY,108,Los Angeles Angels,DEBIL,6,0,0,6,0,0,0,0,9,1,6,0,0
2026_CUTOFF,2026-05-16,824038,False,AWAY,108,Los Angeles Angels,DEBIL,15,2,1,5,9,0,2,0,9,3,6,9,0
2026_CUTOFF,2026-05-17,824034,False,AWAY,108,Los Angeles Angels,DEBIL,10,1,2,5,3,0,1,0,9,2,7,3,0
2026_CUTOFF,2026-05-18,823301,False,AWAY,135,San Diego Padres,MEDIO,0,1,0,0,0,1,0,0,9,0,0,0,0
2026_CUTOFF,2026-05-19,823302,False,AWAY,135,San Diego Padres,MEDIO,5,4,2,2,1,4,0,0,9,0,3,2,0
2026_CUTOFF,2026-05-20,823299,False,AWAY,135,San Diego Padres,MEDIO,4,0,2,1,1,0,0,0,9,0,3,1,0
2026_CUTOFF,2026-05-22,823788,False,AWAY,158,Milwaukee Brewers,FUERTE,1,5,0,0,1,5,0,0,9,0,0,1,0
2026_CUTOFF,2026-05-23,823787,False,AWAY,158,Milwaukee Brewers,FUERTE,11,3,0,4,7,3,0,0,9,3,4,7,0
2026_CUTOFF,2026-05-24,823786,False,AWAY,158,Milwaukee Brewers,FUERTE,5,1,0,5,0,1,0,0,9,1,3,2,0
2026_CUTOFF,2026-05-25,823948,True,HOME,115,Colorado Rockies,DEBIL,5,3,1,0,4,0,2,1,8,1,1,4,0
2026_CUTOFF,2026-05-26,823949,True,HOME,115,Colorado Rockies,DEBIL,15,6,4,11,0,1,0,5,8,2,8,7,0
2026_CUTOFF,2026-05-27,823947,True,HOME,115,Colorado Rockies,DEBIL,4,1,2,1,1,0,1,0,8,0,3,1,0
2026_CUTOFF,2026-05-29,823946,True,HOME,143,Philadelphia Phillies,MEDIO,4,2,3,1,0,0,1,1,8,0,4,0,0
2026_CUTOFF,2026-05-30,823945,True,HOME,143,Philadelphia Phillies,MEDIO,3,4,1,1,1,1,0,3,9,0,2,1,0
2026_CUTOFF,2026-05-31,823944,True,HOME,143,Philadelphia Phillies,MEDIO,9,1,2,5,2,0,0,1,8,0,4,5,0
2026_CUTOFF,2026-06-01,825078,False,AWAY,109,Arizona Diamondbacks,MEDIO,1,4,1,0,0,0,1,3,9,0,1,0,0
2026_CUTOFF,2026-06-02,825079,False,AWAY,109,Arizona Diamondbacks,MEDIO,6,5,4,0,2,1,1,3,9,0,4,2,0
2026_CUTOFF,2026-06-03,825077,False,AWAY,109,Arizona Diamondbacks,MEDIO,7,0,5,0,2,0,0,0,9,1,5,2,0
2026_CUTOFF,2026-06-04,825076,False,AWAY,109,Arizona Diamondbacks,MEDIO,2,3,0,2,0,0,0,3,9,0,2,0,0
2026_CUTOFF,2026-06-05,823943,True,HOME,108,Los Angeles Angels,DEBIL,1,0,0,0,1,0,0,0,9,0,0,1,0
2026_CUTOFF,2026-06-06,823942,True,HOME,108,Los Angeles Angels,DEBIL,9,2,9,0,0,1,0,1,8,1,7,2,0
2026_CUTOFF,2026-06-07,823941,True,HOME,108,Los Angeles Angels,DEBIL,5,13,1,4,0,2,4,7,9,1,5,0,0
2026_CUTOFF,2026-06-09,823374,False,AWAY,134,Pittsburgh Pirates,DEBIL,12,3,1,1,10,2,0,1,9,1,2,10,0
2026_CUTOFF,2026-06-10,823372,False,AWAY,134,Pittsburgh Pirates,DEBIL,8,9,0,6,2,0,1,8,9,1,2,6,0
2026_CUTOFF,2026-06-11,823371,False,AWAY,134,Pittsburgh Pirates,DEBIL,8,6,3,2,3,0,4,2,9,1,5,3,0
2026_CUTOFF,2026-06-12,824588,False,AWAY,145,Chicago White Sox,MEDIO,2,8,2,0,0,1,7,0,9,0,2,0,0
2026_CUTOFF,2026-06-13,824587,False,AWAY,145,Chicago White Sox,MEDIO,7,1,4,1,2,0,0,1,9,1,4,3,0
2026_CUTOFF,2026-06-14,824586,False,AWAY,145,Chicago White Sox,MEDIO,4,6,1,0,3,0,6,0,9,0,1,3,0
2026_CUTOFF,2026-06-15,823938,True,HOME,139,Tampa Bay Rays,FUERTE,4,3,3,0,1,3,0,0,8,1,3,1,0
2026_CUTOFF,2026-06-16,823939,True,HOME,139,Tampa Bay Rays,FUERTE,1,0,0,1,0,0,0,0,8,0,1,0,0
2026_CUTOFF,2026-06-17,823940,True,HOME,139,Tampa Bay Rays,FUERTE,5,4,0,5,0,0,4,0,8,0,2,3,0
2026_CUTOFF,2026-06-19,823936,True,HOME,110,Baltimore Orioles,MEDIO,6,5,3,0,3,0,3,2,9,1,3,3,0
2026_CUTOFF,2026-06-20,823937,True,HOME,110,Baltimore Orioles,MEDIO,2,3,0,0,2,1,2,0,9,0,0,2,0
2026_CUTOFF,2026-06-21,823934,True,HOME,110,Baltimore Orioles,MEDIO,1,12,1,0,0,4,2,6,9,0,1,0,0
2026_CUTOFF,2026-06-22,823692,False,AWAY,142,Minnesota Twins,DEBIL,2,1,1,1,0,1,0,0,9,0,2,0,0
2026_CUTOFF,2026-06-23,823690,False,AWAY,142,Minnesota Twins,DEBIL,12,3,2,4,6,2,0,1,9,2,1,11,0
2026_CUTOFF,2026-06-24,823691,False,AWAY,142,Minnesota Twins,DEBIL,4,3,4,0,0,3,0,0,9,1,4,0,0
2026_CUTOFF,2026-06-26,823285,False,AWAY,135,San Diego Padres,MEDIO,1,7,1,0,0,3,0,4,9,0,1,0,0
2026_CUTOFF,2026-06-27,823283,False,AWAY,135,San Diego Padres,MEDIO,15,3,1,9,5,0,2,1,9,2,1,14,0
2026_CUTOFF,2026-06-28,823281,False,AWAY,135,San Diego Padres,MEDIO,4,2,1,3,0,0,2,0,9,1,4,0,0
2026_CUTOFF,2026-06-29,824986,False,AWAY,133,Athletics,DEBIL,9,4,2,6,1,3,0,1,9,2,5,4,0
2026_CUTOFF,2026-06-30,824984,False,AWAY,133,Athletics,DEBIL,9,3,5,1,3,1,0,2,9,2,6,3,0
2026_CUTOFF,2026-07-01,824985,False,AWAY,133,Athletics,DEBIL,1,7,1,0,0,1,5,1,9,0,1,0,0
2026_CUTOFF,2026-07-02,823935,True,HOME,135,San Diego Padres,MEDIO,12,7,4,7,1,6,0,1,8,1,4,8,0
2026_CUTOFF,2026-07-03,823933,True,HOME,135,San Diego Padres,MEDIO,4,3,0,0,4,1,2,0,8,1,2,2,0
2026_CUTOFF,2026-07-04,823932,True,HOME,135,San Diego Padres,MEDIO,3,0,1,1,1,0,0,0,8,0,0,3,0
2026_CUTOFF,2026-07-05,823931,True,HOME,135,San Diego Padres,MEDIO,2,5,0,0,2,0,1,4,9,0,0,2,0
2026_CUTOFF,2026-07-06,823930,True,HOME,115,Colorado Rockies,DEBIL,8,7,2,4,2,1,2,4,11,1,6,2,0
2026_CUTOFF,2026-07-07,823929,True,HOME,115,Colorado Rockies,DEBIL,3,4,1,2,0,0,1,3,9,0,3,0,0
2026_CUTOFF,2026-07-08,823928,True,HOME,115,Colorado Rockies,DEBIL,4,3,3,0,1,3,0,0,8,1,3,1,0
2026_CUTOFF,2026-07-10,823927,True,HOME,109,Arizona Diamondbacks,MEDIO,3,9,2,0,1,2,6,1,9,0,2,1,0
2026_CUTOFF,2026-07-11,823926,True,HOME,109,Arizona Diamondbacks,MEDIO,2,9,0,2,0,0,6,3,9,0,2,0,0
2026_CUTOFF,2026-07-12,823925,True,HOME,109,Arizona Diamondbacks,MEDIO,3,5,3,0,0,0,4,1,9,0,3,0,0
2026_CUTOFF,2026-07-17,823524,False,AWAY,147,New York Yankees,FUERTE,2,1,0,0,2,0,1,0,9,0,2,0,0
2026_CUTOFF,2026-07-19,823521,False,AWAY,147,New York Yankees,FUERTE,1,2,0,0,1,1,0,1,9,0,0,1,0
2026_CUTOFF,2026-07-19,823523,False,AWAY,147,New York Yankees,FUERTE,8,2,2,1,5,0,1,1,9,1,3,5,0
2026_CUTOFF,2026-07-20,823436,False,AWAY,143,Philadelphia Phillies,MEDIO,7,10,0,3,4,4,4,2,9,1,3,4,0
2026_CUTOFF,2026-07-21,823437,False,AWAY,143,Philadelphia Phillies,MEDIO,2,1,0,2,0,1,0,0,9,0,2,0,0
2026_CUTOFF,2026-07-22,823438,False,AWAY,143,Philadelphia Phillies,MEDIO,9,5,1,4,4,2,1,2,9,1,5,4,0
