BATTER_ID,BATTER,DAMAGE_ZONE,DAMAGE_XWOBA,VULNERABLE_ZONE,VULNERABLE_XWOBA
575929,Willson Contreras,MID_OUT,0.5495928518518519,MID_IN,0.2312147857142857
655316,Andruw Monasterio,LOW_IN,0.51912112,HIGH_OUT,0.19081271875
657136,Connor Wong,HIGH_OUT,0.40030556521739136,LOW_OUT,0.2240865142857143
677800,Wilyer Abreu,LOW_IN,0.4491924520547944,LOW_OUT,0.2695417295081967
678011,Anthony Seigler,HIGH_OUT,0.42955866666666664,MID_OUT,0.27093333333333336
678882,Ceddanne Rafaela,HIGH_IN,0.36078268115942036,MID_OUT,0.23104009333333328
680776,Jarren Duran,MID_IN,0.401778037037037,LOW_OUT,0.20878600000000003
702332,Caleb Durbin,HIGH_IN,0.338507676923077,MID_OUT,0.2320436304347826
807799,Masataka Yoshida,MID_IN,0.39990000000000003,LOW_OUT,0.222650175
